item_category,starting_price,num_bidders,auction_duration_hours,time_of_day_listed,final_price
Jewelry,105.51,7,24,Afternoon,209.85
Jewelry,635.84,7,48,Afternoon,1192.14
Electronics,141.24,13,48,Evening,348.56
Electronics,293.5,9,24,Evening,624.02
Home & Garden,231.2,8,48,Evening,412.29
Collectibles,551.29,10,24,Afternoon,1316.6
Electronics,587.05,8,24,Evening,1152.82
Jewelry,193.78,14,48,Afternoon,505.14
Electronics,332.29,6,120,Morning,518.88
Fashion,312.19,8,48,Morning,560.28
Home & Garden,234.46,6,48,Afternoon,373.35
Home & Garden,303.68,9,24,Morning,569.1
Collectibles,271.44,8,72,Afternoon,519.32
Electronics,835.54,9,120,Afternoon,1601.36
Collectibles,63.42,12,168,Afternoon,146.33
Fine Art,828.85,8,24,Evening,1823.08
Fine Art,986.17,10,48,Afternoon,2076.39
Home & Garden,44.18,11,24,Afternoon,95.42
Collectibles,408.13,6,12,Night,760.68
Fine Art,1372.2,5,12,Evening,2646.21
Jewelry,642.71,10,12,Afternoon,1546.78
Electronics,269.6,9,72,Morning,489.73
Jewelry,418.83,8,72,Night,760.92
Fashion,110.35,11,24,Morning,236.32
Home & Garden,107.6,8,24,Morning,203.24
Jewelry,836.79,9,24,Evening,1810.48
Collectibles,102.55,5,120,Afternoon,161.73
Fine Art,1033.85,10,24,Afternoon,2550.03
Jewelry,309.13,6,12,Morning,575.1
Electronics,611.09,6,72,Morning,959.09
Electronics,772.6,16,72,Afternoon,1990.25
Collectibles,74.17,7,24,Afternoon,146.47
Fine Art,711.3,11,24,Afternoon,1794.75
Jewelry,304.95,6,24,Afternoon,541.49
Jewelry,107.51,4,48,Afternoon,166.87
Collectibles,463.9,3,72,Afternoon,691.66
Fine Art,1499.88,7,48,Afternoon,2896.25
Electronics,647.55,7,24,Evening,1197.23
Jewelry,1057.34,7,72,Afternoon,2034.12
Collectibles,274.18,15,48,Afternoon,764.25
Jewelry,353.76,6,72,Evening,632.14
Electronics,730.18,4,120,Afternoon,1029.78
Jewelry,578.35,10,48,Evening,1283.96
Jewelry,356.33,9,12,Afternoon,771.5
Collectibles,87.3,3,24,Morning,143.08
Jewelry,208.81,10,48,Evening,461.3
Jewelry,134.68,9,48,Morning,290.42
Collectibles,383.99,6,72,Evening,634.95
Electronics,438.42,16,24,Evening,1220.65
Fine Art,539.62,5,48,Morning,976.24
Collectibles,213.72,13,12,Afternoon,570.39
Electronics,352.29,16,48,Afternoon,934.35
Electronics,363.89,10,48,Evening,747.88
Electronics,893.5,9,48,Night,1712.17
Collectibles,555.46,12,120,Afternoon,1269.84
Fine Art,883.63,10,24,Afternoon,2113.1
Fashion,392.81,15,12,Afternoon,1044.41
Fashion,167.5,8,72,Afternoon,282.2
Electronics,592.35,10,24,Evening,1367.86
Jewelry,325.65,3,12,Night,535.36
Fashion,362.95,10,24,Evening,737.39
Home & Garden,117.43,8,48,Night,200.21
Fashion,252.65,14,48,Afternoon,602.11
Fine Art,1461.51,9,120,Afternoon,3081.48
Home & Garden,303.85,9,168,Evening,563.52
Electronics,256.41,6,120,Morning,373.39
Collectibles,109.67,8,24,Night,222.96
Collectibles,86.44,10,24,Afternoon,196.48
Collectibles,138.19,4,72,Morning,211.49
Electronics,534.25,4,72,Morning,757.95
Home & Garden,20.94,5,12,Evening,35.78
Collectibles,129.32,8,72,Morning,243.04
Fashion,350.12,8,48,Afternoon,631.26
Collectibles,390.85,12,24,Afternoon,984.41
Collectibles,288.49,8,12,Afternoon,620.47
Fine Art,941.73,12,24,Evening,2434.4
Electronics,770.11,11,72,Afternoon,1637.6
Collectibles,33.48,6,48,Evening,60.1
Collectibles,240.93,4,72,Evening,379.93
Jewelry,575.37,8,24,Afternoon,1155.4
Fine Art,160.38,4,24,Afternoon,283.29
Jewelry,590.27,3,72,Evening,909.65
Home & Garden,304.5,9,48,Evening,586.6
Fine Art,857.35,11,24,Afternoon,2132.43
Electronics,225.71,13,72,Evening,551.52
Collectibles,186.56,4,48,Morning,298.08
Fashion,345.74,10,48,Evening,738.43
Collectibles,437.16,8,24,Afternoon,948.1
Fine Art,1215.46,10,12,Evening,3180.22
Collectibles,369.17,12,24,Night,907.27
Electronics,856.04,7,24,Afternoon,1560.93
Electronics,376.44,7,72,Morning,682.85
Collectibles,456.67,15,48,Afternoon,1242.53
Fine Art,288.5,8,120,Evening,553.42
Collectibles,45.2,8,48,Morning,88.0
Jewelry,221.57,4,24,Evening,402.51
Jewelry,618.33,5,24,Morning,1106.78
Electronics,492.92,8,12,Afternoon,978.13
Fine Art,1484.25,11,24,Evening,3926.14
Fashion,90.66,8,48,Evening,170.22
Electronics,844.03,8,168,Afternoon,1421.93
Jewelry,992.53,11,168,Afternoon,2226.12
Jewelry,392.63,9,24,Evening,848.16
Fashion,279.78,5,12,Night,449.07
Collectibles,353.33,12,48,Evening,879.7
Collectibles,597.93,9,120,Afternoon,1226.88
Collectibles,67.02,10,120,Afternoon,138.1
Fashion,231.87,15,12,Evening,604.32
Home & Garden,162.76,5,12,Night,282.82
Fashion,118.98,9,48,Evening,225.83
Fashion,236.36,13,12,Evening,573.72
Electronics,429.27,12,24,Afternoon,1023.64
Electronics,303.78,10,48,Afternoon,677.59
Fine Art,1455.03,13,24,Afternoon,4060.44
Electronics,524.71,11,48,Morning,1094.55
Electronics,175.11,13,48,Afternoon,417.72
Fashion,163.13,12,168,Evening,333.54
Fashion,80.42,5,12,Evening,134.34
Collectibles,471.73,3,120,Night,617.12
Fine Art,573.57,8,120,Morning,1151.23
Fine Art,453.57,8,24,Night,945.82
Home & Garden,290.06,5,72,Night,408.68
Fine Art,422.79,8,120,Afternoon,796.14
Electronics,707.44,10,48,Morning,1490.5
Fine Art,872.46,12,120,Evening,2147.35
Home & Garden,113.91,7,48,Night,187.46
Collectibles,136.13,9,72,Evening,291.58
Electronics,279.06,6,72,Afternoon,476.25
Electronics,317.72,9,48,Afternoon,631.94
Collectibles,343.06,8,48,Afternoon,660.3
Fine Art,233.37,7,48,Afternoon,433.97
Fine Art,842.88,9,12,Afternoon,1982.82
Home & Garden,328.41,6,120,Morning,515.6
Fashion,365.04,9,48,Afternoon,695.4
Electronics,310.62,12,48,Evening,725.24
Electronics,562.14,9,12,Evening,1232.08
Collectibles,370.81,9,24,Evening,808.48
Home & Garden,330.72,11,72,Evening,682.89
Home & Garden,203.9,7,24,Morning,347.25
Fashion,95.56,8,72,Evening,166.59
Home & Garden,178.04,10,48,Afternoon,359.4
Fashion,367.87,8,24,Afternoon,691.97
Collectibles,505.02,14,48,Afternoon,1410.75
Home & Garden,240.51,8,24,Evening,458.9
Fine Art,808.6,4,48,Morning,1332.39
Fashion,366.17,6,12,Morning,609.59
Collectibles,352.05,8,24,Night,729.25
Fine Art,735.78,8,48,Evening,1568.44
Electronics,837.49,9,48,Evening,1705.92
Collectibles,541.02,8,72,Afternoon,1119.69
Fashion,383.07,8,72,Afternoon,708.85
Fashion,292.42,5,24,Morning,483.81
Collectibles,235.15,6,12,Afternoon,448.65
Collectibles,196.35,9,12,Afternoon,438.86
Collectibles,270.03,8,12,Afternoon,561.55
Collectibles,220.8,10,120,Evening,460.51
Fine Art,477.27,11,72,Afternoon,1116.99
Fashion,178.43,13,48,Afternoon,387.17
Fashion,226.34,11,12,Evening,507.94
Fine Art,933.7,7,24,Evening,2034.58
Home & Garden,58.3,8,12,Night,108.92
Fashion,267.99,8,24,Evening,508.65
Jewelry,520.78,7,48,Morning,1006.88
Electronics,333.83,14,24,Afternoon,881.58
Electronics,316.52,9,48,Morning,610.0
Collectibles,287.07,4,24,Morning,475.76
Fine Art,1074.34,4,72,Afternoon,1701.04
Electronics,444.15,7,72,Evening,830.61
Jewelry,637.28,13,12,Night,1642.06
Electronics,176.96,7,24,Afternoon,317.49
Fashion,394.56,16,12,Evening,1041.78
Electronics,493.12,3,120,Afternoon,625.11
Fashion,299.77,7,48,Evening,538.72
Fine Art,914.29,7,24,Afternoon,1838.71
Electronics,864.75,9,48,Afternoon,1685.74
Jewelry,318.83,2,72,Evening,458.13
Electronics,631.19,7,48,Morning,1087.86
Electronics,709.71,8,12,Evening,1549.91
Collectibles,421.34,8,12,Evening,896.09
Jewelry,874.55,9,72,Evening,1784.51
Electronics,479.65,12,48,Evening,1115.65
Electronics,723.0,9,48,Afternoon,1451.2
Fashion,226.15,8,48,Afternoon,393.84
Collectibles,452.77,12,12,Evening,1208.35
Electronics,737.97,9,12,Afternoon,1504.87
Electronics,487.41,8,120,Morning,840.92
Collectibles,213.43,9,72,Afternoon,430.19
Fashion,147.74,11,12,Evening,333.7
Electronics,404.43,7,24,Afternoon,741.32
Fine Art,230.86,7,72,Night,426.04
Electronics,172.15,11,12,Evening,411.8
Fine Art,359.8,6,48,Morning,691.61
Electronics,636.29,6,48,Evening,1100.8
Home & Garden,30.26,8,48,Afternoon,52.69
Fashion,164.59,6,48,Evening,292.62
Fashion,149.33,6,48,Morning,256.57
Electronics,217.21,6,120,Afternoon,349.3
Electronics,803.11,14,48,Afternoon,2028.05
Electronics,892.89,9,72,Afternoon,1791.35
Collectibles,508.36,13,24,Evening,1324.02
Fine Art,271.85,3,24,Afternoon,463.98
Home & Garden,298.61,12,12,Afternoon,691.04
Home & Garden,281.31,9,48,Night,531.72
Home & Garden,333.07,8,168,Afternoon,580.57
Jewelry,322.76,8,24,Night,643.97
Electronics,384.19,9,168,Evening,742.95
Electronics,770.44,9,24,Afternoon,1579.53
Home & Garden,74.45,8,24,Evening,140.35
Electronics,540.29,7,24,Evening,1031.98
Fashion,140.63,9,48,Afternoon,271.64
Collectibles,65.13,14,48,Evening,182.54
Fine Art,1365.61,14,48,Evening,3821.18
Home & Garden,321.68,10,24,Morning,612.74
Home & Garden,325.23,8,12,Evening,612.39
Electronics,571.27,9,12,Evening,1184.04
Electronics,789.88,6,168,Morning,1232.59
Fashion,302.85,8,120,Evening,547.68
Fashion,118.56,6,120,Afternoon,197.9
Collectibles,368.6,7,120,Morning,663.53
Home & Garden,302.85,5,48,Evening,498.61
Home & Garden,233.63,12,12,Evening,545.99
Jewelry,940.15,10,48,Afternoon,2088.2
Electronics,703.0,10,72,Evening,1449.66
Electronics,670.3,11,48,Afternoon,1415.05
Fashion,93.65,9,24,Evening,193.49
Home & Garden,43.5,7,48,Evening,72.96
Fine Art,1373.94,7,24,Afternoon,2832.58
Fashion,208.59,8,12,Evening,405.55
Collectibles,504.94,7,48,Morning,954.6
Collectibles,444.86,13,24,Evening,1177.74
Electronics,367.94,7,12,Evening,718.76
Collectibles,341.95,11,24,Afternoon,807.46
Electronics,149.26,5,24,Morning,242.77
Home & Garden,129.1,7,48,Morning,216.37
Collectibles,161.76,3,24,Night,244.91
Collectibles,450.97,4,72,Morning,732.64
Collectibles,384.43,12,12,Evening,1029.56
Collectibles,366.73,7,48,Evening,709.32
Home & Garden,57.27,13,12,Afternoon,133.69
Jewelry,472.57,9,48,Evening,1026.07
Home & Garden,36.62,10,48,Afternoon,69.08
Electronics,136.35,8,48,Evening,269.27
Fine Art,986.67,10,48,Afternoon,2299.9
Jewelry,815.99,10,48,Morning,1773.88
Fashion,193.94,7,168,Evening,327.71
Fine Art,1136.17,12,24,Morning,2944.98
Jewelry,843.4,14,72,Afternoon,2201.9
Fine Art,920.36,9,24,Evening,2183.52
Fashion,85.35,12,24,Afternoon,193.89
Collectibles,408.76,5,24,Night,663.57
Jewelry,876.54,12,72,Evening,2043.18
Collectibles,347.26,5,48,Morning,576.93
Electronics,843.2,7,48,Evening,1500.3
Fine Art,274.13,8,24,Afternoon,594.8
Jewelry,534.58,14,48,Night,1387.22
Fine Art,1430.09,2,168,Morning,1784.76
Jewelry,869.05,11,24,Evening,2181.8
Fine Art,926.2,11,24,Afternoon,2371.12
Home & Garden,55.02,10,24,Evening,114.69
Jewelry,1012.45,5,72,Evening,1681.24
Fine Art,875.16,9,24,Night,1988.02
Fashion,344.27,4,168,Night,492.27
Jewelry,576.93,11,12,Afternoon,1399.84
Electronics,246.08,12,24,Evening,591.79
Fine Art,505.37,3,12,Evening,863.84
Fine Art,1373.51,15,48,Evening,4051.07
Electronics,491.87,10,24,Afternoon,1080.93
Collectibles,297.71,14,12,Afternoon,880.6
Home & Garden,190.4,6,120,Afternoon,287.83
Electronics,364.27,8,12,Evening,742.13
Electronics,541.73,3,48,Morning,807.41
Fine Art,910.87,6,72,Morning,1735.07
Fashion,250.31,8,72,Evening,462.3
Fashion,214.13,6,12,Afternoon,385.56
Fine Art,325.94,9,72,Evening,694.78
Jewelry,856.77,11,12,Evening,2167.06
Electronics,609.82,10,24,Evening,1351.95
Collectibles,346.3,12,24,Afternoon,853.71
Jewelry,800.93,1,168,Morning,1002.43
Collectibles,66.53,12,12,Afternoon,180.19
Fashion,132.25,4,48,Morning,198.4
Home & Garden,277.29,10,24,Afternoon,559.35
Jewelry,278.42,4,48,Night,453.87
Home & Garden,309.12,11,48,Evening,629.95
Jewelry,1094.08,6,24,Evening,2016.45
Electronics,842.37,12,24,Afternoon,1906.72
Electronics,149.62,11,48,Night,339.56
Collectibles,156.59,11,12,Evening,394.4
Electronics,548.05,11,48,Afternoon,1205.77
Fine Art,458.57,7,24,Morning,940.81
Fine Art,1494.01,12,48,Evening,3816.31
Home & Garden,105.05,12,12,Morning,239.22
Collectibles,390.08,7,24,Morning,753.63
Collectibles,397.45,11,24,Afternoon,979.6
Electronics,146.53,4,120,Morning,206.34
Jewelry,983.18,8,24,Afternoon,2050.23
Home & Garden,198.39,14,24,Afternoon,469.99
Electronics,744.92,5,24,Evening,1332.18
Collectibles,196.97,9,12,Afternoon,447.61
Home & Garden,286.5,11,24,Evening,641.95
Electronics,509.38,7,12,Morning,1004.03
Fine Art,1218.42,5,72,Afternoon,1823.48
Fashion,331.47,12,12,Evening,763.37
Electronics,847.43,9,24,Afternoon,1814.26
Electronics,722.88,6,12,Morning,1238.79
Home & Garden,226.29,10,48,Morning,414.38
Collectibles,106.8,11,48,Evening,257.18
Collectibles,239.25,5,48,Morning,408.64
Jewelry,751.46,8,24,Afternoon,1553.04
Fashion,100.78,11,12,Afternoon,220.12
Fashion,54.98,8,12,Evening,106.26
Home & Garden,52.05,8,48,Evening,101.71
Collectibles,291.47,6,120,Evening,496.85
Home & Garden,127.14,13,72,Afternoon,282.03
Fine Art,1491.11,9,24,Afternoon,3491.77
Electronics,368.35,15,24,Evening,1004.29
Electronics,106.98,10,24,Evening,243.35
Electronics,482.02,9,12,Afternoon,1033.58
Fine Art,216.57,10,12,Afternoon,556.74
Collectibles,556.76,5,48,Morning,952.99
Home & Garden,223.35,4,24,Night,334.53
Electronics,105.81,4,120,Night,134.76
Fine Art,180.71,7,48,Afternoon,341.84
Electronics,203.07,3,72,Afternoon,277.59
Collectibles,184.65,8,48,Evening,387.96
Electronics,480.55,5,120,Afternoon,706.94
Collectibles,230.59,12,24,Evening,605.92
Home & Garden,222.11,9,24,Evening,443.74
Fashion,140.87,12,48,Evening,313.95
Collectibles,264.41,9,120,Afternoon,497.73
Electronics,255.03,10,24,Evening,561.94
Collectibles,265.44,9,168,Evening,532.97
Electronics,677.68,14,24,Afternoon,1683.33
Electronics,304.59,10,24,Afternoon,656.05
Fashion,376.69,12,12,Evening,900.22
Collectibles,328.58,11,72,Afternoon,764.71
Collectibles,206.43,8,24,Evening,466.55
Electronics,554.64,8,24,Afternoon,1094.99
Jewelry,117.46,11,48,Evening,264.63
Home & Garden,50.73,7,24,Afternoon,90.74
Fine Art,858.27,14,48,Evening,2390.73
Jewelry,582.35,3,48,Morning,834.93
Jewelry,200.28,6,72,Evening,349.18
Collectibles,318.81,7,12,Afternoon,687.83
Jewelry,1014.49,13,48,Evening,2542.56
Fashion,157.6,10,24,Night,302.73
Electronics,407.65,9,24,Afternoon,813.22
Electronics,835.85,11,48,Evening,1867.48
Home & Garden,246.73,9,12,Evening,496.11
Collectibles,97.06,4,24,Morning,165.68
Collectibles,110.69,7,24,Evening,226.55
Collectibles,132.02,18,48,Evening,424.85
Electronics,247.99,11,48,Evening,554.44
Electronics,146.46,12,72,Evening,322.37
Fashion,188.26,10,48,Evening,386.95
Electronics,743.82,7,24,Evening,1420.88
Electronics,185.34,11,24,Afternoon,451.72
Collectibles,102.71,11,24,Afternoon,249.4
Collectibles,340.72,8,48,Evening,731.54
Fine Art,739.59,10,12,Night,1794.37
Electronics,567.84,9,72,Evening,1120.35
Jewelry,1083.25,4,72,Night,1568.86
Jewelry,1059.62,7,48,Morning,1938.48
Home & Garden,283.41,7,12,Afternoon,497.96
Home & Garden,286.94,7,24,Evening,525.2
Fine Art,354.03,7,72,Afternoon,686.13
Home & Garden,70.87,9,168,Afternoon,126.64
Collectibles,455.31,8,48,Evening,958.05
Home & Garden,245.35,7,120,Morning,381.98
Fashion,305.91,7,48,Evening,526.8
Electronics,147.28,5,24,Afternoon,261.08
Jewelry,802.24,10,120,Morning,1536.06
Home & Garden,111.21,6,120,Afternoon,186.46
Collectibles,281.13,9,120,Afternoon,579.3
Electronics,539.93,17,24,Afternoon,1616.12
Fine Art,915.78,8,24,Night,1904.73
Fashion,267.92,8,12,Morning,520.17
Jewelry,684.8,7,12,Afternoon,1400.28
Fashion,41.06,7,72,Morning,70.66
Fine Art,1389.33,2,72,Morning,1995.04
Collectibles,482.41,14,24,Afternoon,1360.04
Fashion,247.41,7,12,Afternoon,437.24
Fashion,254.67,3,12,Evening,383.53
Collectibles,490.22,8,48,Evening,955.65
Home & Garden,226.97,3,24,Evening,351.03
Fashion,227.4,9,72,Afternoon,431.73
Jewelry,370.77,11,24,Afternoon,870.69
Jewelry,412.2,10,24,Evening,963.78
Collectibles,107.75,7,48,Evening,212.57
Fashion,251.36,13,48,Evening,592.92
Collectibles,360.3,4,48,Evening,557.96
Electronics,506.14,7,72,Afternoon,898.55
Collectibles,399.15,8,48,Morning,793.17
Fine Art,1005.09,9,12,Evening,2363.93
Fashion,300.91,6,120,Morning,455.77
Jewelry,288.81,8,24,Night,574.25
Collectibles,417.73,13,12,Afternoon,1155.76
Electronics,814.27,10,168,Afternoon,1564.01
Collectibles,283.0,12,24,Evening,726.44
Fashion,89.4,12,48,Afternoon,197.58
Electronics,259.84,4,24,Morning,405.31
Collectibles,337.72,6,24,Morning,641.78
Jewelry,1075.11,12,72,Afternoon,2469.45
Collectibles,509.3,6,12,Afternoon,985.54
Fine Art,751.37,11,12,Evening,1913.67
Fashion,57.85,11,24,Evening,134.56
Fashion,394.99,8,168,Morning,671.93
Fine Art,207.01,4,72,Evening,351.38
Collectibles,574.94,9,48,Evening,1239.97
Fine Art,1322.27,7,48,Evening,2562.13
Fashion,75.81,9,24,Morning,147.84
Fashion,335.06,7,24,Evening,591.37
Fine Art,609.42,8,12,Night,1331.6
Fine Art,253.14,9,120,Evening,531.27
Fashion,108.38,6,12,Evening,198.05
Electronics,150.57,5,48,Evening,235.29
Fashion,370.04,7,120,Afternoon,573.34
Electronics,539.0,3,48,Morning,768.45
Home & Garden,197.25,8,12,Night,360.37
Electronics,154.79,5,12,Night,268.72
Collectibles,95.96,10,48,Afternoon,222.39
Fine Art,291.98,7,48,Afternoon,632.5
Home & Garden,131.75,10,168,Evening,240.9
Fine Art,526.5,5,12,Evening,1014.38
Electronics,629.61,4,24,Night,984.33
Fashion,100.72,9,48,Evening,185.51
Collectibles,292.0,7,48,Morning,533.75
Jewelry,663.65,8,120,Afternoon,1185.48
Electronics,763.02,4,72,Afternoon,1112.09
Jewelry,332.57,5,48,Evening,585.72
Fine Art,1315.55,10,120,Evening,2820.21
Collectibles,380.45,11,24,Afternoon,919.73
Fashion,60.53,12,12,Afternoon,139.64
Electronics,650.8,13,48,Evening,1556.58
Electronics,635.66,9,24,Afternoon,1331.55
Electronics,754.87,5,48,Afternoon,1244.06
Fashion,272.0,4,120,Morning,348.12
Home & Garden,154.31,11,48,Afternoon,303.43
Fashion,114.28,6,72,Morning,189.09
Collectibles,174.95,13,48,Evening,481.08
Fashion,273.33,10,48,Night,547.09
Home & Garden,104.33,8,72,Morning,175.81
Fashion,333.7,13,48,Night,770.61
Jewelry,886.84,9,24,Morning,1905.85
Fashion,144.77,10,72,Afternoon,301.75
Jewelry,719.16,5,168,Night,1036.42
Electronics,369.05,10,12,Night,790.06
Fashion,250.03,8,24,Night,461.12
Jewelry,547.33,8,12,Morning,1128.17
Home & Garden,348.92,5,168,Night,498.8
Collectibles,241.41,8,48,Night,474.06
Electronics,792.21,11,72,Evening,1737.82
Fashion,271.53,8,12,Evening,521.91
Fine Art,815.53,4,120,Evening,1349.75
Fine Art,518.27,9,48,Evening,1143.73
Collectibles,366.49,6,72,Night,590.12
Electronics,874.61,8,168,Evening,1601.71
Home & Garden,145.86,10,24,Afternoon,295.37
Collectibles,489.62,14,48,Afternoon,1294.24
Electronics,636.44,7,48,Morning,1163.17
Home & Garden,297.71,3,24,Afternoon,428.96
Jewelry,659.85,6,24,Afternoon,1229.44
Electronics,796.47,11,48,Afternoon,1736.47
Electronics,204.26,12,48,Afternoon,466.91
Electronics,73.34,7,120,Night,116.53
Electronics,199.53,7,72,Morning,347.58
Electronics,589.54,14,168,Evening,1414.58
Fashion,181.43,7,48,Afternoon,318.34
Electronics,823.62,16,48,Afternoon,2248.54
Electronics,409.43,2,24,Night,606.94
Fashion,158.89,2,72,Morning,191.28
Electronics,248.24,10,24,Afternoon,545.53
Fine Art,1286.16,9,12,Morning,2966.34
Fine Art,1138.95,8,48,Morning,2400.24
Fine Art,265.07,9,72,Afternoon,584.77
Collectibles,46.96,6,12,Morning,86.04
Fashion,272.57,9,120,Evening,504.22
Electronics,295.02,11,120,Afternoon,577.89
Electronics,340.97,7,72,Evening,648.5
Fine Art,475.81,6,72,Evening,890.37
Jewelry,207.24,16,72,Afternoon,572.1
Fashion,160.48,4,72,Morning,239.73
Collectibles,240.5,11,48,Afternoon,559.7
Jewelry,960.54,9,24,Morning,2008.25
Electronics,372.03,7,24,Night,690.39
Electronics,352.87,17,24,Evening,1010.61
Collectibles,338.37,10,120,Night,677.03
Electronics,539.01,4,48,Morning,783.7
Fashion,116.98,6,120,Evening,180.42
Fashion,144.02,4,12,Afternoon,236.23
Collectibles,262.15,2,48,Morning,354.62
Collectibles,214.8,7,72,Afternoon,404.82
Electronics,450.45,11,48,Afternoon,972.94
Home & Garden,143.19,4,72,Night,194.25
Fine Art,1269.65,2,168,Afternoon,1541.25
Collectibles,230.31,7,48,Evening,433.09
Fine Art,527.27,12,48,Afternoon,1331.12
Electronics,460.28,8,48,Night,811.91
Fashion,276.85,9,24,Evening,557.9
Collectibles,555.2,10,12,Afternoon,1325.3
Fashion,173.53,8,48,Evening,321.4
Electronics,499.39,14,24,Evening,1341.37
Jewelry,555.92,5,72,Afternoon,908.36
Fine Art,184.25,5,168,Evening,308.19
Electronics,463.17,6,48,Evening,786.05
Home & Garden,276.0,4,72,Evening,430.04
Collectibles,513.18,8,12,Morning,1132.74
Electronics,563.64,11,12,Evening,1363.05
Electronics,723.11,7,48,Morning,1263.44
Home & Garden,268.94,5,120,Afternoon,408.7
Fine Art,1065.71,12,48,Morning,2540.04
Jewelry,507.07,3,48,Morning,704.17
Electronics,253.43,9,24,Evening,542.95
Electronics,551.98,7,12,Evening,1109.15
Electronics,768.02,14,12,Night,2044.56
Fashion,96.88,9,24,Afternoon,201.87
Fashion,352.32,5,168,Evening,490.67
Jewelry,599.34,9,48,Afternoon,1238.98
Electronics,230.52,9,24,Evening,471.9
Jewelry,514.62,8,24,Afternoon,1037.87
Fine Art,1018.93,2,120,Evening,1429.27
Collectibles,202.55,11,48,Evening,489.7
Collectibles,360.57,13,48,Evening,954.57
Jewelry,293.78,7,48,Afternoon,576.81
Collectibles,420.88,7,72,Afternoon,755.55
Jewelry,964.28,7,24,Night,1770.38
Electronics,524.44,5,48,Morning,828.67
Electronics,495.57,4,120,Morning,689.67
Electronics,862.28,10,12,Evening,1962.62
Collectibles,490.31,12,120,Afternoon,1155.54
Electronics,815.97,13,48,Evening,1829.63
Fine Art,1493.68,6,12,Morning,2977.17
Jewelry,844.73,5,72,Afternoon,1372.64
Electronics,520.68,4,168,Afternoon,699.41
Electronics,307.08,6,24,Afternoon,542.49
Jewelry,933.23,5,48,Evening,1568.1
Fashion,312.67,6,24,Night,530.64
Fashion,336.42,5,24,Morning,583.28
Fine Art,1417.55,6,24,Morning,2760.79
Collectibles,68.38,17,24,Afternoon,208.09
Fashion,205.8,13,48,Afternoon,460.63
Electronics,231.68,10,120,Morning,462.6
Electronics,771.43,10,24,Afternoon,1680.24
Electronics,592.87,7,24,Morning,1084.84
Jewelry,329.82,7,24,Morning,642.82
Fine Art,1142.15,7,72,Evening,2305.68
Jewelry,342.44,6,48,Afternoon,630.19
Jewelry,581.28,6,120,Night,939.86
Home & Garden,146.99,12,24,Evening,332.16
Jewelry,791.42,11,24,Evening,1845.49
Home & Garden,191.12,10,24,Morning,367.48
Collectibles,111.35,4,120,Evening,162.86
Electronics,644.91,10,48,Afternoon,1373.01
Collectibles,544.3,10,48,Afternoon,1260.45
Electronics,691.51,3,48,Morning,888.68
Fashion,374.55,11,24,Afternoon,767.8
Fine Art,1092.72,11,120,Evening,2749.08
Fashion,31.24,15,12,Afternoon,80.47
Electronics,496.85,9,120,Evening,949.22
Electronics,692.73,11,12,Evening,1609.59
Fine Art,1129.31,14,48,Morning,3150.93
Jewelry,1035.95,5,12,Evening,1944.92
Fine Art,1293.61,9,24,Night,3018.86
Fine Art,765.31,17,12,Evening,2572.07
Jewelry,906.63,16,12,Evening,2788.9
Collectibles,104.61,9,48,Evening,237.48
Jewelry,830.03,8,72,Morning,1598.07
Electronics,883.43,12,48,Evening,2050.59
Fashion,349.34,7,24,Evening,618.32
Collectibles,454.85,8,24,Evening,955.79
Fashion,32.4,13,48,Evening,75.17
Electronics,233.23,8,48,Morning,428.1
Collectibles,569.34,9,72,Afternoon,1185.37
Electronics,311.76,5,168,Evening,466.84
Collectibles,247.62,5,24,Night,422.68
Jewelry,276.48,8,48,Afternoon,490.42
Electronics,152.39,6,12,Afternoon,264.0
Collectibles,89.85,12,24,Night,232.4
Collectibles,452.54,4,48,Night,684.93
Electronics,378.19,18,12,Evening,1169.62
Collectibles,81.38,5,72,Morning,140.3
Collectibles,319.95,23,48,Evening,1191.89
Electronics,765.1,8,168,Afternoon,1342.4
Electronics,679.94,10,24,Evening,1529.94
Collectibles,32.94,6,24,Evening,62.39
Jewelry,310.62,8,24,Afternoon,637.8
Collectibles,526.19,5,24,Morning,874.96
Collectibles,270.02,9,72,Evening,572.39
Electronics,190.66,10,72,Afternoon,380.77
Fashion,349.06,10,24,Night,703.9
Electronics,92.23,3,120,Night,116.84
Jewelry,316.06,8,48,Afternoon,631.34
Electronics,103.79,8,24,Evening,196.85
Collectibles,452.54,8,72,Afternoon,867.88
Fine Art,1381.44,9,24,Evening,3263.72
Collectibles,529.93,9,120,Evening,1124.12
Fine Art,1090.55,13,12,Morning,3075.52
Electronics,645.25,8,72,Evening,1240.29
Electronics,92.84,7,120,Morning,151.15
Collectibles,77.45,11,48,Evening,189.5
Home & Garden,276.8,13,12,Evening,653.36
Home & Garden,50.92,6,24,Morning,81.69
Electronics,391.13,10,12,Evening,903.35
Jewelry,124.61,7,12,Afternoon,239.78
Jewelry,286.37,7,48,Afternoon,538.65
Collectibles,321.58,7,12,Evening,666.84
Fashion,333.54,5,24,Morning,577.44
Fashion,251.69,7,48,Morning,413.96
Home & Garden,238.37,2,72,Night,305.14
Jewelry,406.66,8,72,Afternoon,775.37
Collectibles,212.01,13,48,Afternoon,526.16
Jewelry,797.16,10,12,Afternoon,1818.29
Electronics,776.78,3,120,Night,1087.97
Collectibles,45.02,6,24,Night,81.28
Electronics,124.73,9,72,Evening,246.61
Fashion,37.04,10,48,Evening,76.58
Home & Garden,192.1,9,12,Night,359.25
Electronics,734.8,5,24,Evening,1212.37
Fine Art,238.18,7,72,Evening,468.5
Collectibles,567.8,8,24,Morning,1158.0
Jewelry,183.02,12,24,Evening,461.82
Home & Garden,190.38,12,48,Evening,404.76
Electronics,587.34,7,72,Afternoon,1050.8
Collectibles,237.1,7,24,Morning,459.49
Fine Art,203.45,15,24,Evening,625.29
Fashion,134.0,5,24,Morning,215.06
Home & Garden,173.4,9,72,Morning,311.73
Electronics,454.77,7,24,Evening,879.06
Fashion,382.24,9,24,Evening,774.36
Home & Garden,132.87,9,24,Evening,258.28
Fashion,248.92,9,48,Morning,472.83
Home & Garden,154.11,10,12,Afternoon,315.53
Collectibles,228.41,3,168,Night,313.53
Fashion,287.24,8,48,Evening,521.06
Fine Art,882.73,12,72,Afternoon,2209.1
Electronics,433.05,7,12,Evening,796.44
Home & Garden,321.63,4,72,Afternoon,451.87
Collectibles,507.94,6,24,Evening,1041.03
Fashion,249.98,11,168,Afternoon,508.15
Collectibles,86.76,12,48,Evening,212.75
Jewelry,1019.01,8,24,Morning,2059.6
Fashion,313.9,10,24,Evening,692.66
Fine Art,637.89,4,24,Evening,1126.47
Collectibles,547.73,4,24,Evening,920.27
Home & Garden,347.93,6,48,Afternoon,552.29
Fashion,68.05,13,24,Afternoon,159.23
Electronics,637.13,17,24,Evening,1869.87
Fine Art,942.27,6,72,Afternoon,1712.96
Collectibles,71.4,5,24,Evening,133.2
Fine Art,670.55,10,48,Evening,1501.42
Electronics,734.29,6,168,Afternoon,1110.54
Home & Garden,320.84,6,72,Afternoon,477.94
Fashion,296.22,10,72,Afternoon,576.09
Electronics,68.73,11,24,Morning,152.7
Electronics,855.6,6,24,Morning,1557.6
Fashion,387.19,10,24,Afternoon,770.14
Fine Art,1328.38,4,72,Evening,2213.97
Electronics,147.81,14,48,Afternoon,384.54
Collectibles,123.59,7,120,Afternoon,217.34
Collectibles,558.35,5,24,Morning,946.29
Jewelry,826.64,10,24,Afternoon,1865.8
Electronics,250.23,8,72,Evening,478.38
Fine Art,1140.74,6,48,Morning,2135.2
Electronics,70.7,10,24,Afternoon,161.29
Fashion,237.73,3,72,Night,308.58
Fine Art,1142.0,5,24,Night,2140.71
Fashion,346.36,7,48,Night,569.4
Jewelry,1072.76,16,72,Afternoon,3002.04
Electronics,496.87,14,48,Afternoon,1240.43
Electronics,297.73,3,12,Evening,482.61
Collectibles,229.62,7,120,Afternoon,420.22
Fine Art,628.75,9,48,Evening,1424.26
Jewelry,283.5,8,48,Morning,535.31
Home & Garden,255.16,9,24,Afternoon,497.71
Fine Art,321.82,7,48,Afternoon,639.59
Fashion,268.7,7,12,Afternoon,501.17
Electronics,181.09,7,48,Evening,331.43
Electronics,567.18,5,12,Morning,964.22
Collectibles,590.14,12,72,Evening,1412.47
Jewelry,1058.27,6,48,Afternoon,1880.78
Fine Art,164.88,13,48,Afternoon,438.96
Jewelry,438.9,15,24,Evening,1259.51
Collectibles,574.46,5,48,Afternoon,1012.61
Fashion,393.0,8,72,Evening,702.76
Fashion,52.33,11,48,Evening,114.19
Fashion,97.11,10,48,Evening,206.57
Jewelry,586.1,8,48,Evening,1233.77
Collectibles,97.22,9,48,Afternoon,210.32
Fine Art,1301.81,6,48,Night,2410.64
Collectibles,220.69,11,12,Evening,560.98
Home & Garden,333.47,5,48,Evening,497.78
Collectibles,202.95,6,168,Evening,344.94
Jewelry,643.55,8,72,Morning,1202.77
Electronics,554.44,7,72,Afternoon,978.33
Electronics,211.7,6,24,Morning,371.64
Fine Art,1142.55,10,120,Afternoon,2596.62
Home & Garden,252.82,8,24,Evening,499.45
Jewelry,542.84,4,48,Morning,834.23
Collectibles,377.56,4,120,Afternoon,583.14
Fine Art,619.54,12,48,Morning,1570.98
Electronics,386.01,11,48,Evening,876.91
Electronics,269.94,11,24,Afternoon,572.62
Fine Art,743.88,7,168,Afternoon,1377.8
Fashion,128.55,5,12,Evening,224.42
Jewelry,957.78,10,12,Evening,2322.72
Fine Art,469.92,13,24,Afternoon,1315.8
Electronics,841.46,9,12,Night,1738.8
Home & Garden,45.89,8,120,Morning,74.07
Fine Art,858.0,9,24,Afternoon,1950.84
Collectibles,230.63,11,120,Afternoon,485.13
Collectibles,193.52,9,12,Afternoon,413.25
Jewelry,208.93,10,24,Morning,455.53
Fashion,361.88,10,48,Evening,750.91
Home & Garden,329.09,8,120,Morning,581.08
Collectibles,224.44,8,120,Evening,445.35
Fine Art,926.44,11,12,Evening,2448.03
Electronics,764.58,6,12,Evening,1473.44
Fine Art,1138.32,10,72,Afternoon,2728.07
Collectibles,75.07,12,72,Evening,186.96
Fashion,38.36,9,12,Evening,76.49
Fashion,381.56,1,72,Evening,473.6
Electronics,411.25,10,24,Afternoon,883.32
Collectibles,304.15,9,12,Morning,669.55
Fashion,206.4,9,48,Evening,383.02
Collectibles,281.91,8,120,Afternoon,506.08
Jewelry,416.28,11,12,Evening,987.29
Fine Art,1310.63,6,72,Afternoon,2398.76
Collectibles,306.39,7,24,Morning,595.03
Jewelry,355.4,6,12,Morning,666.07
Electronics,568.78,6,24,Afternoon,955.32
Collectibles,83.05,5,48,Night,132.75
Fine Art,296.21,8,168,Afternoon,582.35
Electronics,786.46,10,24,Afternoon,1674.25
Collectibles,33.18,10,72,Evening,75.9
Jewelry,463.2,8,24,Evening,969.67
Collectibles,199.15,12,24,Afternoon,489.32
Fine Art,1413.87,4,72,Night,2127.72
Electronics,880.66,8,24,Afternoon,1749.82
Jewelry,1026.44,8,72,Afternoon,2028.74
Collectibles,179.87,10,72,Morning,399.04
Fashion,395.91,5,72,Morning,569.07
Jewelry,413.63,19,12,Afternoon,1381.97
Collectibles,44.42,9,48,Afternoon,90.86
Electronics,320.73,6,24,Morning,571.44
Jewelry,338.1,11,168,Evening,750.78
Jewelry,968.33,4,24,Morning,1558.58
Fine Art,1477.59,10,48,Morning,3434.7
Electronics,753.04,5,72,Afternoon,1130.56
Jewelry,934.62,7,24,Morning,1787.09
Fine Art,1453.78,8,72,Evening,2961.31
Fashion,74.78,3,72,Morning,104.42
Electronics,307.74,11,24,Evening,743.72
Jewelry,433.86,9,72,Evening,925.46
Electronics,177.44,6,24,Evening,334.27
Collectibles,220.79,8,12,Evening,466.25
Collectibles,242.73,16,48,Afternoon,724.5
Home & Garden,268.11,7,24,Morning,486.7
Collectibles,75.81,13,24,Afternoon,208.25
Fashion,60.93,7,72,Morning,95.52
Fine Art,449.29,9,72,Evening,987.36
Collectibles,223.56,9,24,Evening,519.23
Electronics,784.47,13,12,Evening,2047.35
Collectibles,299.92,13,48,Afternoon,782.72
Electronics,471.28,8,120,Afternoon,854.42
Collectibles,392.51,4,24,Evening,675.73
Collectibles,186.58,8,48,Night,348.21
Home & Garden,230.48,9,24,Evening,461.0
Electronics,220.98,15,24,Afternoon,578.65
Collectibles,40.67,6,12,Afternoon,81.21
Jewelry,923.51,7,48,Evening,1783.18
Jewelry,294.85,9,48,Evening,619.9
Jewelry,110.16,9,24,Evening,247.6
Jewelry,946.66,9,24,Morning,1967.79
Collectibles,90.21,11,168,Evening,199.23
Fine Art,600.97,15,24,Afternoon,1800.52
Collectibles,453.49,12,48,Evening,1132.72
Fine Art,480.81,10,168,Evening,1105.69
Fashion,398.33,7,12,Evening,762.13
Fine Art,1130.14,11,24,Afternoon,2884.38
Collectibles,223.71,3,72,Night,319.86
Fashion,209.34,10,24,Afternoon,425.63
Home & Garden,72.24,8,48,Evening,134.06
Electronics,314.48,12,24,Evening,766.68
Electronics,813.59,7,120,Morning,1414.86
Fine Art,1382.15,7,72,Night,2547.23
Fine Art,871.92,8,120,Evening,1772.28
Jewelry,545.19,4,48,Morning,877.48
Electronics,251.17,8,48,Evening,475.47
Fine Art,440.24,9,48,Afternoon,967.98
Fine Art,388.32,14,48,Afternoon,1057.38
Electronics,422.89,9,120,Afternoon,817.94
Jewelry,662.43,15,24,Morning,1861.89
Collectibles,231.74,11,24,Evening,576.74
Collectibles,242.88,7,72,Afternoon,471.95
Collectibles,303.42,9,48,Evening,645.7
Collectibles,556.46,6,12,Morning,1046.4
Electronics,133.92,6,48,Afternoon,231.92
Collectibles,516.46,9,24,Night,1058.66
Electronics,405.05,6,48,Afternoon,649.41
Fashion,209.5,18,48,Evening,585.43
Electronics,604.19,5,48,Afternoon,983.58
Electronics,418.81,12,24,Afternoon,985.02
Electronics,565.61,7,72,Evening,1005.59
Electronics,358.49,8,120,Morning,683.96
Electronics,379.62,10,12,Evening,899.55
Collectibles,175.51,7,48,Morning,326.08
Fashion,137.76,8,12,Night,257.51
Electronics,643.86,13,12,Evening,1643.22
Electronics,477.95,9,48,Afternoon,923.44
Fine Art,363.53,6,120,Morning,640.7
Electronics,566.75,12,24,Evening,1384.22
Electronics,139.62,7,120,Afternoon,235.94
Fine Art,1342.84,8,12,Evening,3097.11
Electronics,727.61,10,24,Morning,1573.68
Collectibles,468.05,9,24,Night,975.87
Home & Garden,61.66,10,48,Afternoon,124.3
Home & Garden,349.52,3,72,Morning,456.37
Fashion,221.89,10,24,Evening,461.94
Home & Garden,221.19,9,24,Evening,434.94
Collectibles,556.14,8,168,Evening,1105.27
Jewelry,478.82,4,72,Morning,714.17
Electronics,432.44,3,72,Evening,565.27
Jewelry,560.53,11,24,Evening,1307.26
Fashion,284.29,12,72,Evening,623.17
Collectibles,442.71,10,24,Afternoon,1058.43
Jewelry,651.88,15,24,Evening,1903.19
Collectibles,479.24,8,48,Evening,995.57
Home & Garden,284.63,7,72,Evening,480.4
Home & Garden,106.85,14,24,Evening,255.6
Collectibles,313.4,11,24,Morning,721.17
Fine Art,1171.64,11,24,Afternoon,3081.83
Fashion,135.22,10,12,Evening,287.65
Jewelry,300.29,7,24,Morning,553.55
Fashion,392.17,12,72,Evening,837.05
Fine Art,323.83,11,72,Night,776.44
Fine Art,738.85,6,24,Night,1415.77
Electronics,663.85,14,120,Evening,1559.27
Collectibles,33.86,10,72,Evening,74.34
Electronics,605.5,9,12,Afternoon,1251.82
Fashion,212.38,6,24,Morning,375.25
Jewelry,1081.65,3,24,Morning,1657.29
Home & Garden,205.91,10,168,Evening,388.46
Fashion,91.56,1,72,Morning,97.83
Home & Garden,286.38,14,24,Afternoon,669.22
Collectibles,238.45,12,72,Afternoon,553.26
Fine Art,682.15,7,24,Afternoon,1395.45
Electronics,531.45,14,24,Evening,1379.41
Home & Garden,37.3,10,120,Evening,72.32
Electronics,233.66,11,12,Evening,554.02
Electronics,266.79,11,120,Evening,564.17
Home & Garden,289.52,10,48,Afternoon,545.55
Collectibles,418.12,8,24,Night,903.93
Fine Art,321.61,7,48,Night,603.74
Fine Art,205.42,5,72,Night,338.92
Home & Garden,324.21,6,24,Afternoon,535.65
Fashion,51.02,8,48,Afternoon,90.11
Home & Garden,142.22,7,12,Morning,251.94
Jewelry,1009.03,10,48,Night,2133.86
Fine Art,636.18,7,48,Morning,1171.01
Fine Art,456.43,10,72,Afternoon,1042.11
Electronics,242.25,10,24,Morning,509.51
Fashion,315.47,9,12,Evening,639.33
Collectibles,455.2,15,24,Evening,1386.85
Electronics,776.18,9,120,Afternoon,1474.91
Collectibles,87.85,12,120,Evening,201.17
Electronics,380.0,13,24,Afternoon,949.51
Electronics,312.09,10,12,Afternoon,708.69
Electronics,775.05,7,24,Morning,1400.54
Collectibles,53.06,7,72,Evening,95.55
Collectibles,50.51,14,48,Evening,142.11
Collectibles,320.01,3,72,Morning,476.79
Fashion,348.88,10,12,Morning,761.24
Jewelry,283.51,4,12,Evening,508.88
Collectibles,331.72,8,24,Afternoon,696.12
Electronics,226.09,7,48,Morning,388.52
Jewelry,596.79,9,24,Afternoon,1249.39
Jewelry,712.24,8,12,Evening,1530.77
Collectibles,508.64,7,72,Afternoon,931.38
Collectibles,295.02,8,120,Afternoon,569.87
Home & Garden,228.62,7,12,Afternoon,425.15
Collectibles,42.36,11,24,Afternoon,101.19
Collectibles,164.04,2,72,Night,226.6
Electronics,589.59,8,24,Evening,1150.19
Electronics,334.01,9,120,Afternoon,639.31
Jewelry,1070.56,6,48,Afternoon,1894.8
Electronics,472.39,8,120,Evening,828.78
Electronics,591.78,11,72,Afternoon,1261.3
Electronics,731.03,4,72,Afternoon,1019.81
Electronics,607.37,10,12,Evening,1353.34
Electronics,863.13,8,120,Morning,1535.22
Fashion,37.95,6,48,Afternoon,64.28
Home & Garden,97.55,11,168,Evening,197.37
Electronics,825.6,6,24,Afternoon,1477.29
Fashion,212.72,7,72,Afternoon,367.53
Fine Art,431.93,12,12,Evening,1205.73
Collectibles,216.42,7,12,Afternoon,461.37
Fashion,303.56,13,24,Evening,724.63
Collectibles,314.77,10,72,Evening,709.75
Electronics,86.21,1,12,Morning,114.12
Home & Garden,52.09,7,48,Afternoon,90.33
Electronics,443.82,8,168,Night,758.63
Fashion,285.59,6,12,Afternoon,488.31
Collectibles,295.45,14,12,Morning,794.42
Fine Art,1098.98,10,72,Evening,2486.11
Jewelry,495.14,10,24,Evening,1178.23
Fine Art,877.94,17,120,Evening,2705.78
Fine Art,493.87,12,120,Evening,1228.53
Jewelry,542.73,1,120,Evening,676.37
Fashion,214.19,6,12,Morning,375.43
Electronics,161.7,5,72,Morning,248.27
Jewelry,386.22,6,24,Afternoon,712.45
Jewelry,958.4,7,48,Afternoon,1803.64
Fine Art,1372.93,9,48,Afternoon,3043.0
Electronics,404.91,10,12,Morning,840.73
Fine Art,1092.59,5,120,Afternoon,1809.79
Fine Art,157.68,7,72,Evening,304.06
Collectibles,429.44,7,12,Night,818.57
Jewelry,188.45,10,24,Afternoon,423.03
Electronics,539.15,8,24,Evening,1093.95
Jewelry,91.42,3,72,Morning,131.51
Fashion,76.4,5,120,Night,105.91
Fashion,79.79,9,48,Morning,145.57
Collectibles,64.01,8,120,Afternoon,116.4
Fashion,267.27,6,24,Evening,450.8
Fashion,79.59,16,24,Evening,207.53
Electronics,471.33,11,48,Afternoon,1016.31
Fashion,219.13,13,24,Afternoon,509.04
Jewelry,289.85,8,72,Evening,534.14
Jewelry,337.59,2,72,Night,484.2
Fine Art,1487.65,8,24,Evening,3220.44
Electronics,363.52,10,12,Evening,806.48
Collectibles,274.99,10,48,Afternoon,631.09
Jewelry,1053.56,5,72,Morning,1641.53
Electronics,245.09,6,24,Morning,432.51
Jewelry,531.38,15,24,Evening,1507.83
Fashion,102.67,7,24,Afternoon,179.47
Jewelry,541.29,10,24,Evening,1277.59
Jewelry,691.09,7,72,Evening,1358.28
Electronics,842.89,8,24,Afternoon,1610.32
Home & Garden,330.7,7,48,Morning,525.24
Fashion,92.02,5,48,Morning,147.78
Fine Art,177.97,6,12,Afternoon,345.45
Collectibles,170.1,5,12,Morning,291.57
Jewelry,482.92,16,24,Afternoon,1426.56
Jewelry,500.66,5,24,Afternoon,914.09
Jewelry,742.05,7,24,Afternoon,1387.66
Collectibles,59.27,5,120,Night,86.62
Collectibles,322.16,9,120,Afternoon,656.68
Electronics,243.7,8,12,Afternoon,469.89
Electronics,714.62,10,48,Evening,1526.03
Collectibles,254.81,9,24,Morning,579.22
Collectibles,305.12,14,48,Morning,822.02
Jewelry,617.24,12,72,Evening,1418.81
Collectibles,499.72,6,72,Evening,867.01
Jewelry,507.68,8,12,Afternoon,1066.54
Home & Garden,59.01,9,120,Afternoon,105.3
Collectibles,77.24,2,72,Morning,113.98
Fashion,267.99,8,12,Night,532.02
Fashion,148.8,8,48,Morning,258.59
Fashion,131.67,6,48,Morning,207.41
Fashion,274.38,9,72,Evening,522.7
Electronics,126.74,8,12,Evening,266.63
Electronics,601.22,5,48,Night,950.16
Electronics,776.58,12,24,Afternoon,1850.57
Electronics,717.89,14,24,Night,1857.25
Fashion,212.9,16,24,Afternoon,560.44
Collectibles,262.18,11,72,Evening,615.06
Collectibles,181.26,16,12,Afternoon,579.74
Home & Garden,90.43,8,24,Evening,162.4
Electronics,169.1,10,24,Evening,352.86
Electronics,885.56,6,120,Evening,1439.08
Fashion,317.33,14,12,Afternoon,793.87
Collectibles,327.59,10,24,Evening,748.74
Jewelry,148.24,7,24,Night,269.31
Fine Art,155.02,11,168,Afternoon,322.88
Jewelry,427.52,9,12,Evening,970.19
Collectibles,246.36,4,24,Morning,406.79
Home & Garden,128.16,8,120,Evening,223.74
Electronics,732.31,13,24,Afternoon,1844.84
Jewelry,354.43,8,12,Morning,727.46
Fine Art,1222.04,6,24,Morning,2427.13
Fashion,216.13,6,12,Night,402.23
Electronics,620.18,8,48,Morning,1130.45
Home & Garden,153.83,5,24,Morning,234.97
Electronics,898.44,8,72,Evening,1726.5
Electronics,668.42,8,120,Evening,1245.74
Fashion,346.79,10,48,Evening,701.26
Electronics,706.0,6,72,Afternoon,1209.56
Home & Garden,108.98,10,24,Afternoon,230.41
Fine Art,568.79,13,12,Afternoon,1656.1
Home & Garden,128.03,3,48,Evening,179.08
Collectibles,488.62,16,48,Evening,1494.32
Fashion,111.74,9,24,Evening,224.33
Collectibles,595.05,9,120,Evening,1299.93
Fine Art,524.06,9,72,Morning,1152.11
Home & Garden,268.6,9,24,Evening,528.35
Electronics,307.8,9,24,Morning,631.87
Collectibles,127.68,4,24,Morning,207.43
Collectibles,277.73,15,24,Evening,822.39
Collectibles,375.58,5,72,Night,577.51
Fine Art,1225.41,9,12,Morning,2940.57
Electronics,102.64,5,48,Evening,162.87
Fine Art,1267.95,6,48,Morning,2215.51
Electronics,698.52,4,48,Afternoon,1101.8
Jewelry,104.69,9,12,Evening,229.19
Jewelry,696.97,8,168,Evening,1361.53
Jewelry,630.81,7,48,Afternoon,1170.52
Fine Art,153.77,9,24,Afternoon,352.53
Electronics,330.18,7,24,Evening,599.83
Fine Art,984.42,7,12,Evening,2208.15
Electronics,389.01,6,12,Evening,759.51
Home & Garden,190.17,4,72,Afternoon,267.83
Jewelry,711.46,11,24,Afternoon,1656.7
Electronics,793.69,10,24,Evening,1825.0
Jewelry,379.71,1,120,Night,430.18
Collectibles,195.64,13,72,Evening,508.79
Jewelry,118.29,11,12,Evening,294.85
Electronics,563.88,9,72,Afternoon,1109.02
Electronics,801.2,13,72,Evening,1945.95
Home & Garden,29.7,4,72,Morning,44.74
Collectibles,299.2,5,24,Evening,538.39
Collectibles,481.49,5,12,Morning,861.7
Fine Art,454.89,11,48,Afternoon,1096.63
Home & Garden,249.49,11,24,Evening,536.86
Jewelry,198.84,1,72,Morning,262.2
Fine Art,424.3,3,120,Afternoon,681.24
Fine Art,582.51,11,12,Evening,1580.69
Home & Garden,294.36,11,168,Afternoon,553.62
Collectibles,150.82,4,48,Evening,253.5
Home & Garden,211.68,15,24,Morning,502.46
Jewelry,854.68,10,48,Evening,1874.3
Fashion,238.56,11,120,Evening,509.37
Jewelry,103.42,11,24,Evening,242.17
Jewelry,996.49,4,48,Afternoon,1465.23
Collectibles,262.26,9,168,Evening,525.61
Fine Art,923.43,12,48,Afternoon,2338.99
Fashion,316.46,9,12,Afternoon,631.58
Jewelry,1005.49,5,168,Afternoon,1484.31
Jewelry,920.03,6,12,Evening,1801.28
Collectibles,131.0,7,24,Evening,263.45
Fine Art,747.64,11,24,Afternoon,1933.99
Home & Garden,344.05,5,120,Evening,472.94
Home & Garden,85.48,14,12,Afternoon,209.86
Electronics,414.4,10,168,Evening,850.61
Jewelry,252.07,6,12,Evening,472.05
Fashion,174.38,12,120,Afternoon,369.46
Electronics,496.32,12,24,Night,1136.75
Electronics,252.28,9,168,Evening,468.58
Home & Garden,97.86,3,72,Afternoon,130.67
Fashion,92.67,10,24,Evening,194.23
Electronics,607.09,6,12,Night,1094.16
Collectibles,377.11,4,48,Afternoon,587.37
Electronics,568.34,13,48,Evening,1339.91
Fine Art,1243.85,8,48,Night,2541.42
Electronics,577.09,9,72,Afternoon,1067.42
Electronics,760.63,5,48,Afternoon,1231.4
Jewelry,775.99,11,24,Evening,1893.55
Jewelry,949.53,14,24,Afternoon,2541.81
Home & Garden,200.24,9,48,Night,376.18
Home & Garden,76.71,9,24,Night,143.3
Electronics,602.49,7,168,Afternoon,1027.54
Electronics,627.36,8,48,Afternoon,1238.41
Electronics,764.39,11,24,Afternoon,1732.3
Fashion,42.17,7,24,Night,76.78
Fine Art,981.22,6,12,Night,2002.41
Fine Art,1306.21,9,24,Afternoon,3097.47
Collectibles,282.05,13,24,Afternoon,776.14
Home & Garden,339.32,8,24,Evening,676.25
Electronics,865.11,5,120,Morning,1286.9
Electronics,591.72,12,24,Evening,1429.34
Jewelry,529.89,2,48,Night,667.25
Electronics,369.82,7,168,Afternoon,616.5
Electronics,180.3,4,12,Evening,309.02
Electronics,662.74,10,12,Afternoon,1503.92
Jewelry,573.51,12,120,Afternoon,1297.16
Fine Art,235.48,20,24,Evening,880.1
Fine Art,469.21,9,48,Morning,1008.86
Electronics,738.92,11,120,Afternoon,1452.98
Electronics,206.44,8,12,Morning,398.93
Home & Garden,100.2,7,72,Morning,160.21
Fashion,124.49,13,48,Evening,300.84
Fashion,399.08,10,24,Evening,856.02
Electronics,671.48,6,120,Evening,1144.57
Fine Art,1032.57,5,24,Evening,1960.54
Fine Art,275.45,3,12,Night,474.1
Jewelry,549.55,6,48,Afternoon,1006.55
Electronics,161.6,12,24,Evening,382.5
Fashion,329.22,9,12,Evening,662.43
Jewelry,1081.62,9,24,Morning,2228.65
Electronics,620.24,5,12,Evening,1059.1
Collectibles,271.6,8,24,Afternoon,605.43
Collectibles,236.24,6,24,Morning,435.02
Fashion,33.39,12,12,Afternoon,78.89
Home & Garden,153.83,9,120,Afternoon,283.14
Electronics,266.72,8,12,Afternoon,576.12
Fashion,232.69,8,24,Morning,438.26
Electronics,85.6,5,168,Evening,128.0
Electronics,100.15,7,24,Evening,192.96
Electronics,506.62,5,24,Afternoon,874.23
Fashion,100.14,9,72,Afternoon,195.4
Jewelry,564.5,7,168,Morning,917.22
Electronics,271.95,9,48,Morning,520.29
Electronics,897.89,6,72,Morning,1517.35
Jewelry,1089.49,9,48,Evening,2277.16
Electronics,300.79,5,48,Morning,505.27
Fine Art,936.87,4,168,Night,1329.87
Collectibles,593.19,7,12,Evening,1240.58
Fashion,260.41,11,120,Morning,510.29
Electronics,879.85,13,72,Night,2054.99
Fine Art,1401.59,6,24,Evening,2745.86
Fine Art,788.92,4,72,Morning,1217.81
Electronics,808.43,12,48,Evening,1865.15
Collectibles,436.63,7,72,Afternoon,839.75
Fine Art,599.96,14,12,Afternoon,1746.18
Jewelry,106.13,3,24,Afternoon,178.43
Collectibles,463.23,11,24,Evening,1202.62
Collectibles,303.33,5,72,Night,490.89
Fine Art,1171.53,12,24,Evening,3285.57
Collectibles,347.09,5,24,Morning,614.3
Electronics,327.02,4,24,Morning,525.44
Fashion,206.59,8,72,Night,367.25
Fine Art,280.81,16,24,Morning,860.48
Home & Garden,145.78,5,120,Afternoon,202.29
Jewelry,139.76,8,48,Evening,272.49
Fashion,226.68,6,72,Evening,370.09
Fine Art,216.35,9,48,Evening,488.81
Jewelry,647.89,5,48,Afternoon,1051.93
Fashion,152.47,7,48,Evening,274.1
Fashion,163.57,7,120,Evening,269.78
Electronics,643.63,12,24,Evening,1528.67
Electronics,208.58,10,12,Evening,457.01
Collectibles,435.25,6,12,Night,829.82
Fashion,192.29,6,24,Night,313.77
Fashion,204.52,10,24,Afternoon,420.86
Electronics,528.29,11,48,Evening,1197.68
Electronics,853.35,9,72,Morning,1733.9
Fashion,311.56,8,24,Afternoon,559.3
Jewelry,141.99,5,48,Evening,246.01
Jewelry,888.68,6,72,Afternoon,1596.15
Fashion,302.61,10,72,Afternoon,563.56
Collectibles,500.74,6,48,Afternoon,881.37
Fashion,276.07,14,48,Afternoon,628.34
Home & Garden,123.79,6,12,Evening,218.39
Jewelry,468.97,13,24,Afternoon,1175.36
Home & Garden,206.97,5,48,Night,311.5
Electronics,806.73,10,48,Morning,1652.14
Electronics,130.23,10,24,Afternoon,273.5
Fashion,346.08,8,24,Evening,668.78
Fashion,176.6,6,24,Morning,294.68
Home & Garden,240.59,5,12,Afternoon,385.71
Fashion,397.42,9,24,Afternoon,791.26
Collectibles,342.49,12,12,Afternoon,856.13
Jewelry,733.66,7,12,Evening,1490.81
Home & Garden,63.79,6,72,Evening,102.06
Home & Garden,202.59,4,120,Morning,270.02
Home & Garden,171.99,9,72,Afternoon,321.92
Jewelry,684.07,9,24,Night,1432.6
Electronics,751.58,11,24,Afternoon,1664.48
Jewelry,144.64,8,120,Afternoon,275.51
Collectibles,441.04,9,12,Evening,1048.11
Collectibles,562.36,4,72,Night,815.82
Electronics,542.46,6,48,Night,825.65
Fashion,303.95,4,72,Afternoon,458.59
Collectibles,38.38,9,24,Night,83.26
Fine Art,782.24,12,48,Evening,2065.69
Electronics,817.43,6,12,Evening,1457.07
Fine Art,550.64,8,72,Night,1076.78
Electronics,420.58,14,48,Morning,1067.34
Electronics,340.55,7,24,Afternoon,654.67
Fine Art,880.14,8,72,Afternoon,1873.73
Electronics,714.28,6,12,Night,1274.94
Electronics,662.35,5,24,Afternoon,1101.22
Electronics,173.6,9,24,Afternoon,362.17
Electronics,797.95,7,48,Night,1472.05
Fashion,289.07,8,48,Evening,554.05
Home & Garden,225.27,3,72,Night,297.27
Collectibles,564.48,15,24,Evening,1621.69
Electronics,363.53,11,12,Morning,853.15
Electronics,644.18,11,48,Afternoon,1371.0
Fashion,83.94,8,24,Afternoon,158.84
Fine Art,398.09,8,24,Morning,899.27
Collectibles,415.76,9,12,Afternoon,955.14
Electronics,839.12,15,48,Afternoon,2215.95
Jewelry,979.95,6,120,Evening,1661.8
Fine Art,151.48,10,12,Afternoon,363.24
Fashion,220.85,8,72,Night,406.02
Fine Art,572.48,5,48,Evening,1061.96
Electronics,509.38,11,48,Evening,1132.83
Electronics,491.69,4,72,Morning,679.25
Electronics,616.49,6,24,Morning,1032.26
Electronics,414.03,3,24,Night,610.41
Electronics,234.6,6,120,Morning,370.01
Fashion,116.39,5,12,Evening,204.92
Fashion,154.16,7,24,Evening,296.91
Electronics,196.0,12,24,Evening,481.44
Fashion,50.08,12,24,Afternoon,108.48
Fashion,359.1,8,72,Afternoon,625.88
Collectibles,588.43,5,48,Evening,995.3
Fine Art,324.79,5,12,Morning,634.05
Collectibles,403.09,14,24,Evening,1166.91
Fashion,56.74,10,48,Evening,119.3
Electronics,279.02,9,72,Afternoon,550.03
Fine Art,1132.48,12,48,Night,2772.75
Fashion,172.39,5,48,Night,271.33
Collectibles,240.87,11,120,Afternoon,514.03
Electronics,776.9,15,48,Afternoon,2072.73
Fashion,137.87,8,24,Afternoon,248.12
Electronics,849.72,4,120,Evening,1241.84
Home & Garden,112.68,10,24,Morning,214.64
Electronics,604.41,12,12,Evening,1489.13
Home & Garden,233.08,9,72,Morning,427.65
Fashion,91.82,5,24,Morning,148.5
Home & Garden,248.46,7,120,Morning,385.26
Electronics,711.47,11,72,Morning,1474.69
Electronics,201.94,5,72,Evening,317.63
Jewelry,992.29,7,72,Evening,1899.49
Home & Garden,35.04,6,48,Morning,54.68
Electronics,601.64,5,168,Night,871.95
Fashion,274.83,11,24,Evening,626.06
Home & Garden,187.76,14,72,Evening,455.02
Jewelry,1092.92,12,48,Afternoon,2623.55
Collectibles,518.36,3,72,Night,764.65
Electronics,383.71,9,12,Afternoon,802.99
Fashion,376.29,7,24,Evening,719.03
Home & Garden,50.14,6,48,Evening,84.57
Collectibles,120.23,7,48,Morning,228.77
Collectibles,569.58,8,48,Afternoon,1095.9
Electronics,607.71,15,12,Evening,1647.93
Fashion,148.31,5,168,Morning,214.3
Fashion,315.47,7,24,Afternoon,573.88
Fine Art,684.12,11,48,Afternoon,1671.65
Collectibles,231.21,10,48,Evening,521.67
Jewelry,307.19,7,48,Afternoon,557.16
Fashion,255.28,9,48,Night,518.41
Home & Garden,324.7,11,24,Evening,681.19
Fashion,353.9,8,48,Afternoon,648.78
Home & Garden,346.15,6,48,Evening,594.76
Electronics,640.67,7,48,Morning,1104.09
Fine Art,940.57,6,12,Evening,1891.12
Fashion,78.04,11,24,Evening,167.26
Home & Garden,203.27,9,72,Afternoon,373.96
Collectibles,534.46,8,24,Afternoon,1157.03
Jewelry,99.09,14,48,Afternoon,259.69
Electronics,735.96,7,48,Morning,1192.04
Electronics,726.91,10,120,Evening,1569.66
Jewelry,318.45,7,12,Morning,676.64
Electronics,641.5,8,24,Evening,1299.82
Collectibles,241.01,6,120,Morning,396.46
Collectibles,553.2,10,12,Evening,1346.94
Fashion,46.93,10,72,Evening,91.25
Electronics,720.79,8,120,Evening,1278.28
Electronics,190.66,12,72,Evening,454.77
Electronics,216.5,6,12,Morning,400.62
Electronics,829.72,14,12,Night,2062.42
Electronics,145.7,5,120,Morning,221.07
Electronics,207.96,7,48,Evening,377.4
Electronics,879.98,8,24,Afternoon,1785.97
Jewelry,465.07,13,24,Afternoon,1250.79
Electronics,833.88,6,72,Afternoon,1398.71
Jewelry,664.16,6,24,Night,1173.54
Collectibles,461.75,10,24,Evening,1075.44
Fine Art,1022.51,6,12,Evening,2157.57
Fashion,289.14,5,72,Morning,426.93
Fashion,291.71,6,120,Afternoon,480.67
Collectibles,347.08,3,24,Morning,546.34
Home & Garden,322.14,13,48,Afternoon,702.19
Electronics,572.83,4,24,Evening,936.4
Fine Art,1224.38,12,72,Morning,3116.61
Jewelry,178.47,5,48,Morning,290.55
Electronics,64.52,4,72,Night,90.89
Jewelry,413.17,8,24,Morning,841.3
Electronics,438.93,22,24,Afternoon,1465.96
Electronics,442.1,9,48,Afternoon,849.26
Home & Garden,135.28,6,72,Morning,208.08
Home & Garden,179.15,7,48,Afternoon,300.0
Fashion,257.94,11,24,Afternoon,546.19
Jewelry,1090.49,9,24,Evening,2421.81
Fine Art,1353.0,5,24,Morning,2551.92
Electronics,783.79,9,24,Morning,1535.37
Collectibles,417.44,10,24,Afternoon,952.29
Fine Art,1424.03,10,24,Afternoon,3484.63
Collectibles,127.41,6,168,Evening,202.43
Fashion,92.18,5,24,Afternoon,150.3
Fine Art,1050.12,12,24,Afternoon,2762.94
Electronics,630.91,8,72,Evening,1131.86
Electronics,428.15,7,72,Afternoon,736.42
Fine Art,709.5,9,12,Evening,1697.93
Fine Art,1048.11,5,48,Night,1762.5
Fashion,68.81,7,48,Night,114.8
Jewelry,753.1,11,12,Afternoon,1858.71
Electronics,65.13,6,168,Evening,105.65
Jewelry,1045.43,10,12,Night,2310.58
Collectibles,212.96,11,48,Evening,517.38
Electronics,775.41,7,24,Morning,1448.88
Collectibles,331.49,8,72,Evening,674.21
Collectibles,308.35,9,24,Afternoon,670.59
Electronics,458.52,7,24,Afternoon,856.42
Electronics,433.94,11,24,Afternoon,989.95
Fashion,211.21,7,24,Evening,374.51
Fashion,260.91,10,168,Afternoon,480.37
Electronics,842.14,14,24,Evening,2149.41
Fine Art,1333.74,8,120,Evening,2642.05
Collectibles,362.77,10,48,Evening,809.37
Collectibles,580.33,8,72,Night,1142.94
Jewelry,730.96,10,48,Afternoon,1599.23
Fashion,271.26,12,72,Evening,587.84
Fashion,142.41,8,72,Afternoon,257.91
Fine Art,164.09,7,48,Night,318.16
Electronics,506.14,7,72,Evening,934.49
Jewelry,882.76,11,24,Afternoon,2109.8
Fine Art,1466.83,8,72,Night,2828.04
Collectibles,530.02,5,24,Morning,929.6
Fine Art,766.86,7,48,Evening,1546.07
Jewelry,500.45,12,12,Morning,1266.6
Jewelry,637.8,1,168,Morning,709.81
Home & Garden,188.01,10,48,Morning,367.68
Collectibles,461.02,2,120,Night,597.11
Fashion,129.33,11,48,Evening,282.91
Fashion,32.98,9,72,Night,60.65
Fine Art,237.76,12,48,Afternoon,623.9
Electronics,859.27,5,72,Morning,1336.95
Collectibles,403.47,5,120,Morning,634.55
Fashion,49.86,9,48,Morning,89.63
Electronics,592.81,10,72,Morning,1198.34
Electronics,476.65,8,12,Afternoon,977.42
Collectibles,421.9,6,48,Afternoon,782.43
Fine Art,1202.23,6,120,Afternoon,1998.51
Electronics,140.45,7,24,Afternoon,266.07
Fine Art,366.33,6,48,Morning,708.04
Collectibles,555.57,7,72,Evening,1063.08
Collectibles,169.58,7,168,Morning,302.19
Electronics,553.68,13,12,Evening,1422.87
Electronics,835.28,10,12,Afternoon,1879.43
Fine Art,299.09,9,48,Night,640.81
Fine Art,727.75,8,168,Evening,1439.58
Jewelry,1075.95,4,12,Night,1732.03
Electronics,399.08,9,72,Evening,764.55
Collectibles,568.39,6,24,Morning,1041.34
Electronics,199.86,4,48,Evening,317.44
Electronics,75.27,5,24,Afternoon,130.82
Fine Art,921.85,3,168,Evening,1438.72
Collectibles,459.19,13,72,Evening,1159.42
Home & Garden,333.82,4,120,Night,480.45
Home & Garden,189.97,5,24,Evening,302.6
Fashion,144.38,10,48,Evening,288.6
Electronics,406.81,8,24,Morning,805.49
Electronics,175.88,11,72,Evening,388.19
Fine Art,826.08,6,24,Morning,1562.99
Home & Garden,93.35,7,12,Night,160.63
Jewelry,882.03,4,24,Night,1304.25
Fine Art,383.41,4,24,Morning,689.45
Jewelry,259.3,8,12,Night,539.14
Fine Art,729.67,15,24,Evening,2211.83
Electronics,479.35,9,48,Evening,955.19
Home & Garden,269.76,12,12,Evening,655.21
Jewelry,530.77,9,120,Night,1007.69
Electronics,878.97,7,48,Morning,1537.73
Jewelry,465.97,7,12,Morning,950.85
Electronics,874.71,10,24,Evening,1907.8
Electronics,628.82,14,48,Evening,1568.93
Electronics,797.66,9,48,Afternoon,1640.33
Electronics,673.18,9,24,Evening,1401.38
Electronics,291.86,8,24,Night,534.05
Electronics,589.49,9,120,Afternoon,1147.71
Jewelry,917.91,4,24,Afternoon,1442.18
Electronics,835.0,5,48,Evening,1373.36
Jewelry,557.31,5,12,Night,1023.88
Fashion,245.53,5,24,Night,377.53
Collectibles,522.08,11,12,Evening,1326.82
Fashion,386.5,7,72,Morning,631.97
Jewelry,100.32,15,48,Evening,292.16
Electronics,365.74,11,168,Night,737.1
Fine Art,447.53,7,120,Morning,840.11
Collectibles,490.3,12,24,Evening,1278.27
Fine Art,500.43,9,48,Night,1057.45
Collectibles,310.83,11,12,Evening,784.82
Collectibles,117.5,8,24,Evening,254.77
Fine Art,638.23,9,72,Evening,1466.66
Electronics,431.53,6,72,Evening,739.36
Fine Art,1474.71,5,24,Evening,2700.84
Jewelry,464.79,8,48,Afternoon,899.77
Fine Art,1124.75,8,48,Evening,2366.44
Jewelry,875.78,11,24,Evening,2110.32
Electronics,611.24,9,48,Afternoon,1221.33
Fashion,222.61,5,24,Morning,373.15
Electronics,146.76,8,72,Evening,296.22
Fashion,164.48,4,72,Afternoon,227.16
Electronics,779.44,8,12,Morning,1586.65
Collectibles,502.43,14,48,Morning,1352.3
Electronics,830.13,7,24,Afternoon,1644.46
Electronics,532.77,8,72,Evening,993.61
Jewelry,1091.13,5,48,Afternoon,1805.97
Home & Garden,205.86,11,12,Afternoon,441.61
Jewelry,595.78,5,24,Afternoon,1041.89
Electronics,68.59,11,12,Evening,161.0
Electronics,814.95,4,24,Afternoon,1308.29
Fashion,364.7,10,24,Evening,740.26
Jewelry,292.31,4,72,Morning,431.19
Collectibles,34.13,9,24,Afternoon,75.67
Collectibles,547.37,8,48,Evening,1069.16
Home & Garden,146.7,8,120,Evening,255.63
Electronics,396.66,6,120,Night,647.49
Home & Garden,251.4,9,24,Evening,503.04
Electronics,640.51,8,24,Evening,1343.25
Collectibles,552.88,11,12,Afternoon,1428.27
Fine Art,1143.54,8,24,Night,2363.94
Fine Art,903.56,12,24,Afternoon,2423.34
Home & Garden,125.81,5,72,Afternoon,181.1
Fine Art,377.18,8,24,Afternoon,820.03
Collectibles,483.61,11,24,Night,1106.96
Collectibles,193.86,13,48,Evening,507.11
Fashion,267.63,4,24,Morning,416.1
Electronics,580.12,4,24,Morning,1004.25
Home & Garden,67.38,12,12,Afternoon,154.27
Fine Art,458.16,8,24,Morning,1042.83
Jewelry,368.78,5,24,Morning,639.47
Home & Garden,84.89,7,48,Morning,142.17
Jewelry,125.9,10,24,Afternoon,290.73
Electronics,801.05,10,24,Afternoon,1582.15
Electronics,794.28,6,24,Evening,1379.69
Fine Art,1140.82,7,48,Afternoon,2276.84
Collectibles,213.13,13,12,Evening,599.58
Collectibles,290.51,14,24,Afternoon,783.55
Electronics,373.12,6,48,Afternoon,599.3
Fine Art,601.6,8,48,Evening,1281.46
Collectibles,320.24,8,24,Afternoon,684.75
Electronics,404.66,11,120,Evening,845.8
Collectibles,203.67,10,48,Evening,463.52
Collectibles,108.69,8,48,Evening,219.74
Electronics,118.57,11,48,Evening,266.9
Electronics,160.8,9,72,Morning,307.19
Collectibles,47.22,10,48,Evening,109.99
Fashion,253.94,5,12,Afternoon,429.14
Electronics,899.44,10,120,Afternoon,1864.49
Fine Art,1311.04,9,48,Morning,2796.93
Fashion,370.38,2,120,Evening,466.36
Home & Garden,275.65,5,12,Morning,430.57
Fine Art,1362.64,9,12,Night,3124.46
Home & Garden,237.97,7,12,Morning,412.21
Fine Art,301.65,5,120,Evening,503.24
Electronics,74.06,15,48,Evening,198.17
Jewelry,381.14,5,48,Evening,655.18
Home & Garden,335.75,9,24,Afternoon,663.3
Collectibles,105.79,7,48,Evening,203.34
Collectibles,566.73,11,168,Evening,1260.83
Home & Garden,337.04,13,12,Afternoon,766.41
Electronics,275.52,5,24,Evening,442.03
Fine Art,388.84,17,24,Evening,1309.73
Home & Garden,163.16,9,24,Afternoon,315.6
Home & Garden,152.81,5,120,Morning,215.29
Jewelry,841.93,8,72,Morning,1611.9
Electronics,593.88,13,12,Afternoon,1460.65
Electronics,342.94,14,48,Afternoon,874.74
Fine Art,1337.12,8,48,Morning,2728.35
Fashion,368.26,5,72,Evening,584.86
Electronics,223.1,5,24,Evening,395.8
Home & Garden,135.37,10,12,Afternoon,280.75
Collectibles,134.79,3,168,Afternoon,187.24
Collectibles,275.81,12,168,Afternoon,661.46
Fashion,390.62,7,48,Morning,661.81
Fashion,234.38,13,12,Afternoon,546.03
Electronics,69.5,4,72,Afternoon,103.96
Electronics,699.36,5,72,Evening,1139.66
Jewelry,120.7,8,120,Afternoon,212.81
Collectibles,376.61,7,168,Afternoon,677.01
Home & Garden,118.99,9,48,Evening,227.83
Electronics,630.78,7,48,Morning,1130.54
Collectibles,87.15,5,24,Afternoon,153.22
Fine Art,694.43,6,48,Afternoon,1257.78
Jewelry,382.19,8,168,Evening,720.05
Jewelry,919.33,11,72,Evening,2125.79
Collectibles,451.72,9,12,Afternoon,1021.3
Collectibles,277.36,5,12,Morning,496.23
Fashion,244.99,5,168,Evening,363.6
Collectibles,422.48,8,48,Evening,861.16
Electronics,872.29,10,72,Afternoon,1727.31
Collectibles,217.75,9,12,Afternoon,482.68
Fashion,248.92,9,12,Evening,523.88
Collectibles,285.16,4,120,Afternoon,428.51
Fine Art,186.68,5,24,Afternoon,340.15
Electronics,415.53,4,24,Afternoon,657.54
Collectibles,434.5,6,72,Night,760.4
Jewelry,205.57,12,12,Night,503.78
Collectibles,412.22,3,48,Afternoon,654.11
Electronics,686.72,6,48,Afternoon,1139.79
Electronics,219.31,10,48,Evening,458.1
Fashion,330.8,5,120,Night,478.97
Electronics,665.58,6,48,Evening,1257.71
Jewelry,312.51,7,48,Evening,589.54
Collectibles,77.94,10,48,Evening,173.09
Fashion,320.73,10,24,Night,643.31
Electronics,394.68,2,72,Night,470.69
Fine Art,220.69,10,12,Afternoon,555.1
Jewelry,965.91,10,72,Afternoon,2029.19
Fashion,273.38,8,72,Afternoon,479.48
Fine Art,443.75,12,72,Evening,1116.86
Collectibles,524.06,7,72,Evening,1005.03
Electronics,663.62,8,120,Evening,1208.49
Jewelry,266.1,11,72,Afternoon,580.97
Fine Art,813.79,9,72,Evening,1815.05
Collectibles,58.2,10,168,Evening,122.03
Jewelry,716.0,3,72,Evening,1019.18
Jewelry,1016.7,6,24,Morning,1892.7
Home & Garden,261.71,11,24,Evening,567.83
Electronics,103.93,9,24,Afternoon,224.27
Collectibles,468.81,7,48,Evening,877.44
Fashion,338.69,10,120,Evening,675.61
Collectibles,57.65,6,48,Evening,111.81
Fashion,264.24,11,48,Evening,575.15
Electronics,231.9,9,24,Evening,489.19
Collectibles,502.18,8,12,Evening,1162.54
Jewelry,857.96,4,24,Afternoon,1487.85
Electronics,685.05,11,48,Evening,1575.22
Jewelry,935.88,14,48,Afternoon,2451.38
Electronics,412.79,10,120,Afternoon,852.1
Fashion,311.63,8,48,Afternoon,564.59
Collectibles,117.07,8,72,Morning,223.33
Fashion,311.09,13,72,Afternoon,692.26
Electronics,500.86,4,120,Night,668.74
Electronics,475.05,9,48,Morning,928.8
Fine Art,1312.68,9,48,Night,2941.38
Fine Art,358.83,13,72,Evening,982.41
Electronics,441.93,8,48,Morning,804.92
Fine Art,212.4,17,12,Evening,707.57
Collectibles,390.31,11,72,Evening,890.31
Electronics,876.36,6,24,Afternoon,1611.18
Collectibles,58.06,6,168,Afternoon,91.71
Fine Art,752.65,9,120,Morning,1467.15
Home & Garden,346.59,8,24,Evening,630.79
Collectibles,568.59,9,72,Afternoon,1114.69
Fine Art,269.78,8,120,Evening,527.88
Fine Art,937.16,7,12,Evening,2118.5
Jewelry,663.75,14,48,Afternoon,1815.99
Electronics,721.7,8,24,Afternoon,1389.48
Home & Garden,215.19,13,12,Evening,512.48
Fashion,180.86,9,12,Afternoon,362.49
Home & Garden,64.36,9,12,Evening,126.78
Jewelry,175.66,6,48,Evening,323.22
Electronics,781.01,7,24,Morning,1417.62
Electronics,536.79,11,24,Evening,1236.55
Electronics,241.72,12,72,Evening,535.85
Electronics,824.91,7,12,Afternoon,1580.13
Jewelry,378.26,7,12,Evening,780.45
Electronics,330.67,8,48,Afternoon,624.75
Home & Garden,48.31,7,12,Afternoon,88.25
Fine Art,211.21,7,48,Evening,421.11
Fashion,333.24,6,24,Evening,588.1
Home & Garden,162.47,7,48,Afternoon,279.4
Fashion,35.24,8,12,Afternoon,68.43
Electronics,174.77,4,168,Morning,235.83
Collectibles,403.36,4,48,Morning,627.58
Electronics,251.37,9,24,Morning,521.63
Collectibles,315.34,4,72,Afternoon,476.52
Jewelry,824.28,12,24,Evening,2093.23
Fashion,150.48,10,24,Morning,299.84
Collectibles,181.96,17,24,Evening,568.69
Fine Art,1349.11,8,24,Evening,2882.8
Home & Garden,333.8,8,48,Evening,614.39
Fashion,172.49,11,24,Afternoon,381.89
Electronics,448.0,6,12,Morning,793.87
Electronics,510.5,12,48,Afternoon,1149.41
Jewelry,935.1,8,168,Evening,1768.14
Home & Garden,303.99,6,120,Evening,460.17
Collectibles,196.52,9,48,Afternoon,401.13
Collectibles,470.81,7,24,Morning,914.75
Jewelry,929.9,10,24,Evening,2204.1
Electronics,122.09,6,48,Afternoon,214.9
Fashion,85.58,10,24,Night,174.16
Electronics,862.01,7,24,Evening,1706.68
Home & Garden,51.74,5,120,Evening,78.7
Jewelry,168.14,6,24,Afternoon,323.71
Electronics,875.35,5,72,Afternoon,1337.38
Electronics,467.05,10,72,Evening,1001.29
Jewelry,193.42,6,12,Night,353.4
Electronics,832.87,10,12,Afternoon,1843.54
Electronics,365.16,13,72,Afternoon,864.14
Electronics,891.94,11,24,Evening,1978.27
Collectibles,239.17,7,120,Afternoon,442.61
Fashion,215.97,6,24,Night,346.27
Collectibles,371.72,5,168,Evening,565.3
Fine Art,300.28,6,72,Afternoon,506.24
Fine Art,633.19,4,48,Evening,1088.72
Jewelry,198.14,10,72,Afternoon,412.0
Home & Garden,22.53,9,24,Night,45.03
Fashion,33.9,11,48,Afternoon,67.34
Collectibles,533.76,4,12,Morning,899.79
Electronics,349.26,6,48,Night,585.39
Jewelry,813.1,9,120,Afternoon,1670.94
Collectibles,467.85,11,24,Afternoon,1139.93
Collectibles,292.03,6,72,Afternoon,512.95
Jewelry,150.49,5,48,Evening,248.73
Fashion,135.91,5,72,Afternoon,200.2
Electronics,684.92,2,24,Night,1018.67
Collectibles,440.48,9,120,Afternoon,903.37
Collectibles,122.43,7,48,Morning,229.22
Jewelry,1020.06,3,24,Morning,1598.81
Collectibles,545.75,5,48,Evening,941.69
Fine Art,1188.28,6,24,Night,2313.54
Electronics,166.01,8,12,Afternoon,324.03
Electronics,544.22,6,24,Evening,1017.53
Fine Art,611.15,11,12,Morning,1586.06
Collectibles,474.39,8,168,Evening,894.39
Collectibles,448.33,13,24,Evening,1220.65
Fashion,181.78,4,72,Morning,269.85
Collectibles,72.28,6,12,Evening,140.89
Collectibles,221.12,7,24,Morning,420.72
Fine Art,709.01,3,12,Night,1241.88
Fine Art,604.48,7,48,Night,1164.23
Jewelry,592.25,11,48,Afternoon,1364.23
Electronics,142.62,13,120,Afternoon,337.14
Collectibles,578.47,10,48,Night,1271.5
Jewelry,927.07,2,24,Morning,1286.33
Electronics,536.69,6,48,Afternoon,885.45
Fine Art,462.41,12,12,Afternoon,1273.04
Collectibles,311.25,9,120,Evening,648.37
Jewelry,548.13,10,48,Afternoon,1173.29
Electronics,536.6,8,24,Evening,1090.77
Collectibles,32.48,10,12,Morning,72.59
Home & Garden,199.24,5,72,Afternoon,314.65
Collectibles,442.56,13,48,Evening,1149.59
Fashion,79.59,5,72,Evening,126.92
Collectibles,253.16,10,72,Afternoon,550.1
Collectibles,68.84,8,24,Afternoon,141.06
Collectibles,212.24,6,24,Afternoon,398.98
Fashion,194.05,12,12,Afternoon,435.54
Home & Garden,190.73,12,12,Afternoon,426.95
Home & Garden,88.44,7,24,Morning,154.07
Fashion,215.94,8,24,Afternoon,426.83
Collectibles,342.39,7,24,Evening,695.95
Fine Art,1023.92,7,12,Afternoon,2117.45
Electronics,735.19,19,24,Afternoon,2332.65
Jewelry,1019.97,2,72,Morning,1428.27
Electronics,754.92,19,24,Evening,2362.42
Fashion,175.99,9,24,Afternoon,336.91
Fashion,130.58,11,48,Morning,280.96
Fine Art,478.38,7,12,Morning,1008.24
Jewelry,1007.72,12,12,Afternoon,2547.55
Fashion,250.05,6,48,Morning,392.29
Jewelry,950.13,8,24,Evening,1940.65
Fine Art,506.22,3,120,Evening,747.65
Fashion,283.45,5,48,Evening,445.95
Fine Art,606.19,15,12,Afternoon,1919.69
Home & Garden,38.77,5,12,Morning,67.69
Fine Art,210.55,9,168,Afternoon,421.61
Home & Garden,253.07,8,24,Evening,464.52
Collectibles,590.96,5,24,Evening,1048.96
Jewelry,155.12,5,168,Evening,251.84
Home & Garden,219.54,10,24,Evening,439.84
Jewelry,493.65,13,48,Afternoon,1202.45
Fashion,85.55,5,24,Night,127.6
Jewelry,278.61,8,12,Evening,595.79
Fashion,237.1,8,24,Morning,459.55
Fine Art,1445.45,16,24,Afternoon,4642.85
Electronics,155.89,3,48,Night,225.55
Jewelry,267.31,7,72,Afternoon,495.18
Electronics,163.73,8,12,Evening,339.45
Jewelry,431.52,7,24,Night,853.19
Electronics,174.33,16,24,Afternoon,480.14
Home & Garden,337.14,10,24,Afternoon,698.21
Collectibles,342.91,8,72,Afternoon,678.79
Home & Garden,136.55,8,24,Afternoon,255.91
Fine Art,156.18,12,48,Afternoon,389.29
Fine Art,630.64,4,72,Evening,1031.24
Jewelry,88.35,15,24,Afternoon,254.37
Fine Art,188.58,5,24,Afternoon,349.94
Electronics,532.35,11,24,Afternoon,1203.61
Fashion,296.83,8,12,Morning,578.24
Electronics,620.98,7,12,Morning,1153.17
Fashion,391.3,9,72,Evening,738.99
Fashion,75.89,5,72,Morning,114.3
Electronics,326.67,7,168,Afternoon,547.19
Home & Garden,236.15,7,12,Afternoon,436.77
Jewelry,422.75,4,72,Morning,622.62
Fashion,367.89,15,24,Evening,939.07
Collectibles,495.07,8,24,Afternoon,995.5
Electronics,663.4,11,12,Afternoon,1551.45
Jewelry,239.92,6,48,Night,404.28
Home & Garden,336.78,5,120,Evening,505.68
Electronics,482.87,6,48,Afternoon,777.27
Electronics,82.6,1,48,Morning,107.84
Jewelry,433.18,5,48,Evening,746.85
Fashion,166.48,10,24,Evening,349.9
Electronics,714.45,8,48,Afternoon,1366.63
Electronics,123.43,5,48,Afternoon,191.28
Collectibles,87.31,6,12,Afternoon,173.14
Fashion,277.04,9,72,Afternoon,542.52
Collectibles,37.2,5,48,Evening,64.77
Fashion,387.45,9,48,Night,758.27
Fine Art,259.25,7,72,Morning,475.63
Fashion,250.01,9,48,Afternoon,485.25
Collectibles,106.65,5,72,Afternoon,182.47
Fashion,204.19,7,168,Afternoon,339.72
Collectibles,252.86,8,48,Afternoon,500.38
Collectibles,159.26,5,168,Evening,247.41
Collectibles,337.03,10,48,Evening,752.69
Fashion,312.07,9,24,Evening,636.0
Electronics,822.59,4,72,Morning,1234.08
Fine Art,177.57,13,24,Afternoon,501.96
Jewelry,716.77,9,24,Morning,1501.07
Home & Garden,339.41,12,48,Afternoon,719.68
Fashion,304.32,12,12,Evening,668.68
Jewelry,196.11,9,72,Afternoon,391.48
Electronics,763.57,6,48,Morning,1256.2
Collectibles,198.64,12,24,Afternoon,504.13
Electronics,825.05,7,120,Evening,1430.15
Home & Garden,103.84,10,24,Afternoon,191.91
Collectibles,500.14,5,48,Evening,877.47
Collectibles,407.04,9,168,Afternoon,775.93
Home & Garden,221.72,9,72,Evening,427.44
Home & Garden,169.43,6,12,Afternoon,292.15
Jewelry,829.67,9,12,Night,1814.07
Fine Art,1025.9,10,24,Afternoon,2451.08
Jewelry,528.0,9,120,Afternoon,1018.5
Fine Art,1104.02,13,48,Evening,3012.41
Electronics,382.0,10,24,Evening,851.78
Electronics,382.33,11,12,Evening,921.31
Electronics,416.7,6,72,Morning,687.73
Home & Garden,263.4,6,120,Afternoon,419.66
Fine Art,668.02,9,12,Evening,1675.4
Home & Garden,220.9,9,120,Evening,391.96
Fashion,176.82,5,48,Morning,281.12
Fine Art,1411.66,8,72,Night,2852.15
Jewelry,546.73,10,48,Evening,1237.54
Home & Garden,167.85,7,48,Afternoon,261.85
Electronics,472.77,9,48,Afternoon,1004.96
Collectibles,548.32,8,72,Evening,1086.07
Electronics,531.23,5,72,Morning,829.41
Fashion,347.22,12,120,Afternoon,731.39
Collectibles,348.79,4,24,Morning,608.53
Collectibles,359.52,6,12,Evening,735.26
Fashion,290.54,7,48,Afternoon,499.28
Jewelry,343.33,12,48,Afternoon,837.91
Electronics,164.19,10,24,Afternoon,373.48
Jewelry,909.99,10,48,Afternoon,1916.77
Fine Art,492.56,7,12,Evening,1094.41
Collectibles,205.63,6,24,Afternoon,377.77
Fashion,266.26,7,120,Morning,432.7
Fashion,270.51,11,24,Afternoon,629.7
Electronics,899.61,13,12,Evening,2397.46
Fine Art,1160.98,6,120,Afternoon,2109.35
Jewelry,601.34,10,24,Evening,1302.57
Fine Art,172.65,7,12,Evening,392.58
Fashion,143.33,5,48,Evening,237.89
Collectibles,205.75,7,120,Afternoon,358.24
Collectibles,103.08,5,48,Morning,173.24
Electronics,360.17,7,120,Morning,579.09
Home & Garden,323.16,3,48,Morning,462.62
Collectibles,494.39,9,168,Afternoon,965.05
Fine Art,559.84,8,72,Evening,1106.87
Electronics,511.95,9,12,Night,1075.01
Collectibles,249.55,12,72,Afternoon,610.31
Fine Art,410.81,8,12,Morning,915.38
Electronics,109.46,13,12,Afternoon,276.31
Home & Garden,120.18,7,72,Evening,197.78
Collectibles,76.76,7,72,Evening,152.73
Fashion,288.37,8,12,Afternoon,571.05
Fashion,158.44,11,24,Evening,342.75
Fashion,262.51,6,48,Night,417.86
Home & Garden,238.13,7,24,Night,407.77
Jewelry,125.59,8,48,Evening,257.41
Electronics,724.69,10,24,Evening,1638.51
Home & Garden,212.86,9,24,Afternoon,398.08
Home & Garden,166.12,11,24,Evening,359.15
Jewelry,277.4,8,120,Afternoon,521.28
Collectibles,463.16,14,120,Evening,1178.62
Fine Art,1341.65,5,24,Night,2428.91
Fine Art,1240.57,14,48,Afternoon,3577.24
Home & Garden,270.85,8,24,Morning,479.22
Home & Garden,230.92,9,48,Afternoon,425.19
Home & Garden,126.38,9,72,Afternoon,234.86
Jewelry,1070.15,8,120,Afternoon,2010.05
Collectibles,211.43,10,72,Evening,486.15
Fine Art,397.98,7,24,Evening,852.31
Fine Art,1155.9,8,48,Afternoon,2445.73
Jewelry,596.27,8,12,Morning,1206.41
Jewelry,186.41,5,24,Afternoon,325.34
Collectibles,517.8,4,72,Night,794.7
Fashion,137.09,17,12,Evening,404.82
Fine Art,1312.21,8,48,Evening,2729.55
Collectibles,284.11,8,72,Evening,567.44
Collectibles,69.06,8,48,Evening,142.09
Fine Art,1019.53,12,48,Evening,2551.48
Home & Garden,162.53,13,48,Afternoon,363.35
Fine Art,1492.05,16,12,Evening,4997.1
Electronics,347.79,7,72,Evening,641.38
Home & Garden,135.34,10,72,Morning,247.51
Fashion,224.09,5,48,Night,332.25
Collectibles,295.06,13,72,Afternoon,726.73
Home & Garden,191.01,6,120,Afternoon,303.01
Jewelry,752.23,8,12,Morning,1586.55
Fine Art,573.65,7,120,Morning,992.88
Collectibles,142.83,8,168,Afternoon,270.87
Collectibles,78.66,9,72,Afternoon,158.52
Fashion,371.08,15,72,Afternoon,883.81
Jewelry,940.35,17,24,Evening,2934.57
Home & Garden,282.93,9,24,Morning,515.63
Collectibles,382.66,9,168,Afternoon,764.93
Electronics,708.87,8,120,Afternoon,1265.43
Fashion,266.3,8,48,Morning,471.06
Electronics,122.58,4,24,Evening,205.22
Electronics,233.93,10,24,Afternoon,482.5
Collectibles,452.06,9,48,Afternoon,942.97
Electronics,311.84,8,72,Afternoon,569.34
Electronics,91.08,16,48,Evening,256.92
Electronics,118.09,5,48,Evening,195.71
Collectibles,170.56,5,48,Evening,302.71
Electronics,415.69,4,72,Evening,674.78
Electronics,709.07,9,24,Afternoon,1391.05
Collectibles,553.42,5,24,Afternoon,992.7
Home & Garden,100.7,5,24,Morning,157.08
Fashion,348.37,12,48,Afternoon,776.83
Fine Art,463.01,10,48,Evening,1109.11
Collectibles,157.93,12,168,Afternoon,348.82
Jewelry,420.0,10,48,Evening,955.75
Fashion,341.39,9,168,Afternoon,640.53
Collectibles,96.9,10,48,Morning,205.49
Collectibles,358.67,17,24,Afternoon,1122.34
Collectibles,342.28,7,72,Morning,632.75
Fashion,79.12,11,48,Afternoon,168.4
Collectibles,581.1,8,24,Evening,1298.37
Collectibles,478.87,9,120,Evening,962.57
Collectibles,473.76,10,12,Evening,1176.32
Fashion,152.74,3,168,Morning,199.15
Collectibles,111.61,15,24,Evening,332.11
Home & Garden,75.7,17,12,Afternoon,205.2
Fashion,327.09,9,72,Evening,614.99
Fine Art,785.86,5,12,Morning,1444.56
Jewelry,83.7,7,48,Evening,152.62
Fashion,125.9,10,120,Afternoon,249.06
Fashion,134.63,7,120,Afternoon,225.05
Fine Art,1019.76,8,72,Afternoon,2042.38
Fine Art,279.13,8,12,Morning,593.98
Fashion,83.03,5,24,Evening,137.17
Fine Art,609.63,6,120,Morning,1020.54
Electronics,567.66,10,24,Afternoon,1251.28
Fine Art,363.91,13,48,Morning,923.78
Fashion,121.71,9,24,Morning,227.64
Collectibles,539.77,15,48,Evening,1562.96
Electronics,647.16,9,48,Afternoon,1243.13
Electronics,698.8,12,24,Evening,1708.32
Home & Garden,128.33,11,72,Evening,251.24
Fashion,386.06,8,24,Evening,728.38
Electronics,422.27,3,72,Night,572.08
Fine Art,925.78,12,48,Evening,2380.21
Home & Garden,78.09,10,24,Afternoon,158.24
Fine Art,524.19,11,72,Evening,1313.41
Electronics,76.54,7,24,Afternoon,142.23
Collectibles,391.12,6,24,Afternoon,762.48
Electronics,170.94,9,12,Morning,370.74
Fashion,278.16,6,24,Night,494.66
Fashion,38.35,19,48,Afternoon,113.58
Collectibles,161.45,6,48,Night,296.93
Fashion,276.76,5,48,Evening,438.86
Electronics,189.23,14,48,Afternoon,473.53
Electronics,299.0,8,72,Evening,576.65
Jewelry,473.59,15,48,Afternoon,1236.01
Electronics,462.05,5,12,Afternoon,781.17
Collectibles,117.97,5,24,Morning,191.51
Fine Art,217.12,15,24,Afternoon,642.61
Collectibles,524.99,7,48,Afternoon,995.25
Collectibles,557.89,8,12,Morning,1186.59
Fashion,288.81,8,24,Afternoon,533.54
Fine Art,357.49,6,12,Evening,724.38
Electronics,894.56,10,48,Evening,1963.13
Electronics,726.59,4,48,Afternoon,1137.55
Home & Garden,345.35,10,168,Afternoon,651.02
Electronics,568.73,6,12,Afternoon,1072.0
Collectibles,453.83,5,72,Afternoon,735.09
Collectibles,556.13,5,24,Evening,1001.59
Electronics,546.46,8,48,Afternoon,1031.16
Collectibles,344.44,6,120,Evening,578.07
Jewelry,329.2,7,48,Afternoon,609.62
Jewelry,723.92,5,120,Evening,1159.16
Fashion,352.51,16,72,Evening,950.37
Electronics,138.32,9,48,Evening,274.9
Fine Art,153.01,7,12,Afternoon,318.63
Fashion,197.04,12,12,Afternoon,453.0
Fashion,376.51,6,48,Afternoon,637.69
Electronics,688.15,5,24,Night,1168.05
Fine Art,465.55,5,48,Morning,839.79
Electronics,508.4,6,24,Afternoon,838.1
Collectibles,371.68,6,24,Evening,736.77
Jewelry,493.39,10,168,Morning,998.26
Home & Garden,32.2,10,12,Afternoon,67.87
Home & Garden,287.35,10,48,Afternoon,580.41
Jewelry,914.91,12,24,Evening,2299.12
Fine Art,1272.49,9,168,Afternoon,2600.41
Collectibles,329.85,10,168,Evening,676.49
Electronics,164.47,9,120,Evening,321.72
Electronics,80.58,9,48,Evening,161.91
Collectibles,586.99,7,24,Evening,1158.05
Home & Garden,212.45,5,24,Morning,333.26
Electronics,100.24,5,168,Morning,154.31
Electronics,276.66,5,72,Afternoon,445.84
Jewelry,602.23,13,24,Evening,1581.39
Electronics,628.07,8,48,Night,1187.92
Electronics,892.7,3,120,Afternoon,1178.47
Fine Art,235.23,3,168,Evening,347.67
Electronics,587.34,6,24,Evening,1073.22
Fine Art,241.42,10,24,Evening,602.54
Fine Art,501.05,11,48,Evening,1201.33
Fine Art,834.85,4,120,Evening,1353.6
Jewelry,610.13,12,48,Afternoon,1477.21
Electronics,187.63,7,24,Evening,368.91
Electronics,332.16,10,48,Afternoon,719.88
Fashion,143.44,6,48,Afternoon,216.23
Home & Garden,337.85,10,24,Afternoon,690.93
Fine Art,638.02,9,12,Night,1532.83
Electronics,152.93,10,48,Evening,338.06
Fashion,231.4,8,48,Morning,415.62
Electronics,674.35,5,24,Afternoon,1128.04
Collectibles,103.47,6,24,Afternoon,202.2
Jewelry,619.53,10,120,Morning,1273.39
Jewelry,968.62,11,24,Evening,2330.52
Home & Garden,148.55,7,24,Afternoon,270.02
Electronics,854.11,2,24,Evening,1306.02
Collectibles,211.18,12,48,Morning,514.19
Electronics,482.7,12,168,Afternoon,1008.34
Collectibles,469.81,9,120,Morning,952.89
Fine Art,175.22,11,24,Afternoon,447.97
Home & Garden,78.77,10,24,Night,149.43
Home & Garden,49.13,11,72,Evening,101.28
Collectibles,343.21,8,72,Night,654.3
Jewelry,687.01,12,12,Afternoon,1718.29
Home & Garden,264.36,9,72,Evening,518.69
Fashion,104.22,11,72,Evening,220.39
Collectibles,163.87,4,24,Evening,285.18
Jewelry,1079.82,10,120,Evening,2371.85
Fine Art,1268.26,14,12,Evening,3772.68
Jewelry,804.85,12,12,Evening,2052.07
Fine Art,567.73,10,168,Evening,1298.08
Electronics,612.37,7,12,Evening,1185.5
Home & Garden,154.9,14,24,Evening,382.4
Electronics,559.16,6,12,Morning,1047.05
Electronics,359.83,6,48,Afternoon,599.36
Home & Garden,281.68,6,72,Evening,462.74
Jewelry,567.16,10,72,Evening,1213.44
Collectibles,426.14,9,12,Afternoon,981.64
Fine Art,877.56,9,24,Evening,1968.98
Fashion,175.12,11,48,Afternoon,363.61
Electronics,709.54,6,48,Morning,1167.28
Collectibles,48.9,7,48,Afternoon,91.98
Fine Art,1007.51,8,72,Evening,2106.22
Electronics,529.75,10,48,Evening,1122.51
Fashion,375.07,5,24,Morning,628.07
Fine Art,221.57,9,24,Afternoon,506.46
Collectibles,503.28,13,24,Afternoon,1328.75
Fine Art,1196.84,9,24,Morning,2756.04
Fashion,79.99,4,72,Afternoon,117.96
Jewelry,1040.34,5,24,Morning,1861.09
Collectibles,204.2,6,120,Afternoon,346.0
Fine Art,637.3,8,48,Night,1258.06
Collectibles,560.65,8,12,Morning,1250.54
Electronics,249.91,7,48,Afternoon,459.69
Home & Garden,50.22,1,48,Night,61.21
Electronics,526.42,2,72,Afternoon,693.43
Collectibles,299.93,7,120,Evening,577.59
Fine Art,1025.37,14,48,Evening,2863.55
Jewelry,249.08,9,24,Afternoon,511.33
Jewelry,314.36,11,24,Afternoon,752.45
Fashion,328.13,6,48,Afternoon,523.82
Electronics,748.37,7,24,Afternoon,1369.26
Electronics,374.06,7,12,Afternoon,721.35
Fine Art,703.98,9,48,Afternoon,1531.07
Fashion,195.23,8,48,Evening,375.93
Home & Garden,22.86,13,24,Evening,55.36
Jewelry,365.64,9,12,Afternoon,789.36
Fine Art,872.7,13,24,Evening,2483.99
Collectibles,177.05,11,24,Afternoon,439.37
Jewelry,419.53,4,168,Night,577.95
Electronics,294.19,10,24,Night,648.31
Fashion,48.29,4,48,Night,74.69
Electronics,378.16,10,12,Morning,800.97
Collectibles,290.24,11,24,Evening,728.2
Collectibles,74.22,9,24,Evening,170.6
Electronics,177.19,6,120,Night,264.43
Collectibles,555.74,8,72,Evening,1132.68
Jewelry,910.78,10,120,Afternoon,1907.02
Fashion,373.55,8,48,Evening,693.73
Home & Garden,179.43,7,72,Evening,305.69
Collectibles,525.95,11,168,Evening,1163.79
Collectibles,362.89,10,120,Afternoon,784.83
Collectibles,465.08,10,24,Night,1070.07
Home & Garden,197.35,10,24,Night,396.93
Home & Garden,111.92,8,120,Evening,189.01
Fine Art,1080.79,8,48,Morning,2173.89
Collectibles,308.27,4,48,Morning,507.5
Electronics,158.56,6,48,Evening,274.11
Fashion,230.54,8,12,Night,427.65
Electronics,704.24,11,24,Morning,1536.73
Collectibles,537.89,16,48,Afternoon,1615.92
Home & Garden,315.09,7,48,Evening,581.56
Collectibles,547.38,7,72,Afternoon,1011.55
Fine Art,1195.72,5,168,Morning,1919.16
Electronics,893.29,7,24,Evening,1711.87
Jewelry,919.2,9,24,Night,1964.39
Electronics,825.15,7,24,Afternoon,1681.06
Collectibles,316.33,10,12,Afternoon,739.4
Electronics,81.77,4,12,Morning,130.79
Electronics,579.18,6,12,Night,1023.76
Electronics,540.71,4,120,Evening,745.41
Electronics,431.51,9,72,Morning,808.4
Jewelry,784.6,6,12,Night,1446.56
Electronics,805.38,5,168,Afternoon,1122.96
Fashion,154.35,14,48,Evening,360.84
Jewelry,864.56,11,120,Afternoon,1802.56
Fine Art,529.26,7,120,Night,963.12
Jewelry,613.37,6,12,Morning,1158.54
Electronics,85.72,13,24,Evening,217.39
Fine Art,1084.81,14,48,Evening,3048.07
Fine Art,1376.98,6,48,Afternoon,2565.13
Collectibles,207.38,7,72,Afternoon,393.38
Electronics,444.19,8,24,Afternoon,900.12
Fine Art,1104.09,8,72,Evening,2325.24
Fine Art,374.62,10,12,Evening,968.9
Fashion,111.8,11,168,Afternoon,211.13
Home & Garden,300.9,4,168,Morning,369.51
Fine Art,510.53,9,12,Morning,1178.31
Fine Art,1280.94,9,12,Evening,2983.86
Collectibles,538.21,9,12,Evening,1269.79
Fine Art,920.06,10,48,Evening,2169.15
Fashion,286.81,3,24,Afternoon,399.89
Collectibles,560.22,8,120,Evening,1100.28
Electronics,403.81,8,24,Afternoon,814.63
Electronics,527.2,12,12,Night,1231.09
Electronics,652.72,9,120,Evening,1189.38
Fine Art,634.92,9,48,Afternoon,1434.47
Electronics,672.16,8,72,Night,1233.92
Jewelry,203.24,5,12,Night,346.44
Electronics,544.31,17,24,Afternoon,1552.24
Fine Art,226.28,8,120,Evening,477.83
Collectibles,355.9,10,48,Evening,800.37
Electronics,318.25,10,48,Evening,690.8
Fine Art,232.04,11,72,Evening,566.35
Fine Art,518.5,10,24,Afternoon,1284.01
Collectibles,281.74,8,24,Afternoon,565.73
Fashion,327.42,6,24,Morning,562.08
Collectibles,572.66,11,24,Afternoon,1450.32
Electronics,132.69,10,12,Afternoon,299.48
Fashion,174.79,7,24,Night,288.04
Collectibles,470.8,8,24,Evening,1022.12
Fashion,300.01,7,12,Evening,541.94
Electronics,255.91,9,48,Evening,486.38
Collectibles,154.9,8,48,Morning,299.43
Home & Garden,227.19,8,72,Afternoon,402.31
Collectibles,436.57,11,48,Evening,1057.06
Jewelry,705.88,5,120,Evening,1167.63
Collectibles,361.54,6,168,Evening,641.05
Fashion,301.17,15,48,Afternoon,731.01
Electronics,454.55,11,12,Morning,1038.6
Electronics,532.82,5,72,Afternoon,832.42
Electronics,775.82,9,12,Morning,1626.14
Jewelry,923.37,6,72,Morning,1580.39
Electronics,68.72,13,24,Afternoon,164.16
Collectibles,236.95,6,12,Night,421.86
Fashion,271.35,10,120,Afternoon,536.3
Home & Garden,97.16,7,48,Afternoon,153.27
Electronics,220.76,9,120,Afternoon,429.53
Fashion,215.54,11,48,Evening,467.74
Fashion,159.37,8,48,Afternoon,286.67
Electronics,337.3,3,48,Afternoon,496.0
Collectibles,291.95,12,48,Evening,745.15
Collectibles,316.54,6,12,Night,601.95
Fine Art,1114.78,3,12,Evening,1999.53
Fashion,87.76,4,120,Afternoon,124.99
Collectibles,295.45,5,12,Night,544.14
Fine Art,930.84,11,24,Morning,2241.12
Electronics,66.54,13,24,Morning,164.39
Collectibles,117.61,9,24,Evening,284.6
Electronics,793.14,6,120,Morning,1304.09
Electronics,640.02,13,168,Evening,1463.59
Jewelry,632.88,11,48,Evening,1469.83
Fine Art,1122.87,7,24,Morning,2395.21
Fashion,355.55,8,48,Evening,659.33
Electronics,414.64,5,24,Afternoon,711.1
Electronics,514.54,9,48,Morning,978.33
Collectibles,366.65,10,72,Evening,830.64
Jewelry,576.85,3,168,Morning,748.62
Jewelry,543.39,10,48,Evening,1238.27
Fashion,132.13,7,168,Morning,212.63
Fashion,282.39,8,72,Morning,481.27
Home & Garden,309.12,9,48,Evening,585.72
Electronics,365.7,4,168,Night,501.87
Fashion,171.35,8,48,Morning,312.81
Fashion,28.1,6,72,Afternoon,43.19
Jewelry,373.92,3,12,Morning,651.32
Electronics,797.67,11,24,Afternoon,1774.7
Electronics,767.98,8,72,Afternoon,1342.8
Electronics,473.35,10,120,Night,871.23
Fashion,188.21,10,24,Afternoon,393.22
Jewelry,1091.98,7,12,Evening,2207.72
Electronics,98.69,10,24,Afternoon,212.08
Electronics,518.62,7,24,Afternoon,994.66
Collectibles,235.15,4,24,Morning,369.02
Fashion,291.95,7,24,Night,483.52
Collectibles,204.36,11,24,Evening,490.27
Fine Art,990.0,12,48,Evening,2644.09
Fine Art,1281.12,11,24,Afternoon,3273.65
Home & Garden,212.51,4,120,Morning,261.41
Collectibles,195.21,10,12,Afternoon,454.26
Electronics,398.26,5,168,Afternoon,635.58
Fashion,70.05,11,72,Night,151.33
Collectibles,480.55,9,24,Evening,1085.25
Collectibles,230.82,10,24,Afternoon,531.94
Fashion,187.37,2,168,Morning,227.3
Electronics,696.0,7,48,Morning,1286.03
Collectibles,236.01,10,48,Night,506.7
Fine Art,809.96,8,48,Afternoon,1644.79
Fine Art,939.51,9,72,Afternoon,2053.76
Electronics,787.34,5,12,Morning,1274.87
Electronics,876.33,13,24,Afternoon,2238.35
Jewelry,662.1,8,168,Morning,1098.13
Home & Garden,212.73,6,12,Afternoon,357.63
Home & Garden,315.62,9,48,Night,591.21
Electronics,341.94,9,12,Evening,709.08
Fashion,282.5,19,12,Afternoon,841.88
Fine Art,1283.54,9,120,Evening,2679.33
Collectibles,74.63,7,48,Afternoon,140.16
Fashion,115.5,7,48,Afternoon,199.55
Collectibles,494.4,7,120,Afternoon,892.57
Fine Art,401.82,7,24,Evening,862.88
Fashion,57.76,5,120,Morning,92.8
Jewelry,223.98,12,24,Afternoon,563.71
Fashion,76.18,9,72,Afternoon,142.93
Electronics,210.39,11,12,Afternoon,490.53
Collectibles,180.24,11,24,Afternoon,456.48
Electronics,698.84,6,24,Morning,1217.89
Electronics,213.16,5,24,Evening,364.5
Jewelry,611.34,10,48,Afternoon,1341.72
Fashion,176.67,3,12,Evening,280.17
Fine Art,426.73,6,48,Afternoon,782.6
Home & Garden,128.43,16,48,Afternoon,324.27
Jewelry,412.13,11,72,Evening,922.94
Electronics,659.13,11,24,Afternoon,1463.47
Home & Garden,291.43,3,24,Morning,419.82
Jewelry,199.69,9,72,Afternoon,417.05
Home & Garden,127.7,3,12,Morning,205.43
Home & Garden,61.68,9,24,Night,116.32
Fine Art,748.68,14,48,Evening,2111.33
Home & Garden,301.14,9,120,Evening,546.23
Collectibles,53.38,13,48,Morning,134.58
Fashion,301.41,11,12,Afternoon,629.03
Home & Garden,141.53,15,48,Afternoon,341.37
Fashion,301.25,5,24,Evening,524.14
Collectibles,590.47,12,24,Afternoon,1478.96
Home & Garden,326.94,10,24,Evening,681.39
Electronics,297.74,10,12,Afternoon,650.1
Fashion,371.36,13,168,Evening,801.4
Electronics,890.35,8,12,Evening,1883.46
Fine Art,937.15,14,48,Afternoon,2694.25
Collectibles,480.33,5,48,Evening,823.95
Jewelry,322.11,3,48,Afternoon,473.2
Jewelry,320.93,14,24,Evening,885.8
Electronics,255.37,8,12,Afternoon,511.46
Fine Art,904.39,12,72,Evening,2280.82
Jewelry,392.07,9,24,Night,849.91
Jewelry,90.44,14,24,Morning,247.22
Electronics,618.59,7,168,Evening,1111.45
Fine Art,514.29,7,48,Night,1004.27
Collectibles,362.95,10,120,Evening,789.37
Fashion,151.5,9,12,Evening,310.39
Home & Garden,137.19,6,72,Evening,224.79
Electronics,369.67,5,24,Morning,604.85
Electronics,247.99,4,48,Evening,403.31
Electronics,532.63,8,48,Evening,1028.8
Electronics,884.63,5,48,Evening,1469.73
Collectibles,291.7,7,72,Evening,563.37
Collectibles,575.76,10,24,Evening,1397.92
Electronics,560.08,5,120,Morning,811.35
Collectibles,580.86,4,24,Morning,968.49
Collectibles,230.29,7,24,Evening,463.86
Fine Art,337.44,5,24,Morning,619.61
Fashion,158.59,4,72,Evening,232.3
Electronics,209.38,15,12,Evening,581.83
Home & Garden,307.39,5,48,Afternoon,489.18
Collectibles,181.09,6,72,Evening,326.57
Fashion,364.72,9,24,Afternoon,722.25
Jewelry,455.67,6,48,Afternoon,830.2
Fine Art,756.11,6,12,Evening,1545.68
Fine Art,1067.95,10,120,Evening,2313.37
Electronics,567.62,6,72,Afternoon,903.93
Electronics,377.88,9,24,Evening,827.59
Electronics,354.32,12,48,Evening,823.68
Electronics,511.91,17,24,Evening,1517.67
Jewelry,1038.08,6,72,Afternoon,1825.84
Electronics,639.85,14,48,Evening,1628.56
Fine Art,726.18,5,72,Evening,1232.03
Fashion,282.19,8,72,Night,479.63
Home & Garden,238.76,9,72,Evening,431.16
Electronics,169.8,11,72,Morning,360.18
Fine Art,653.34,4,48,Evening,1127.8
Fashion,184.67,8,12,Evening,382.05
Electronics,702.31,9,24,Afternoon,1461.12
Jewelry,871.06,8,24,Night,1763.86
Fine Art,373.02,10,48,Morning,851.28
Collectibles,580.3,6,48,Evening,1020.04
Collectibles,211.98,8,48,Afternoon,404.78
Electronics,556.88,12,48,Evening,1290.71
Collectibles,462.64,5,120,Afternoon,755.9
Jewelry,563.42,6,24,Evening,1098.33
Fashion,255.61,8,120,Evening,445.71
Jewelry,182.76,9,48,Afternoon,390.95
Electronics,759.02,11,24,Afternoon,1803.21
Electronics,433.65,10,24,Evening,956.33
Fashion,372.38,5,168,Afternoon,539.85
Electronics,208.95,6,24,Night,383.87
Jewelry,167.61,7,120,Evening,319.69
Electronics,820.02,11,120,Evening,1714.43
Fashion,348.55,6,12,Evening,664.71
Home & Garden,248.81,8,48,Afternoon,457.44
Fine Art,1351.54,9,48,Morning,2832.28
Home & Garden,217.95,12,24,Afternoon,473.9
Jewelry,990.28,7,12,Morning,1981.2
Jewelry,92.62,7,120,Morning,164.21
Electronics,177.13,7,72,Afternoon,313.23
Jewelry,744.85,12,48,Evening,1754.4
Electronics,606.24,6,24,Morning,1038.93
Fashion,293.01,11,120,Afternoon,555.97
Electronics,898.39,9,72,Afternoon,1766.71
Electronics,623.32,5,72,Morning,998.67
Electronics,796.18,6,120,Afternoon,1228.97
Electronics,127.93,6,24,Morning,229.1
Fine Art,158.28,16,120,Evening,459.93
Fine Art,1148.79,7,24,Afternoon,2283.12
Electronics,307.08,12,24,Evening,722.23
Home & Garden,130.61,11,12,Morning,286.64
Jewelry,981.19,7,24,Evening,1940.33
Collectibles,520.61,6,72,Evening,882.46
Home & Garden,159.63,7,48,Evening,267.68
Home & Garden,37.77,8,72,Afternoon,65.35
Jewelry,383.8,6,72,Night,645.76
Fine Art,1462.9,9,48,Morning,3174.07
Jewelry,1061.9,7,48,Afternoon,2001.87
Collectibles,67.41,10,12,Evening,159.97
Electronics,866.48,10,120,Afternoon,1700.73
Fashion,209.16,7,24,Afternoon,350.55
Home & Garden,93.66,6,48,Afternoon,151.51
Fine Art,1269.2,10,72,Evening,2851.24
Jewelry,891.27,9,48,Afternoon,1928.56
Jewelry,862.55,7,24,Evening,1662.2
Home & Garden,263.83,8,12,Night,492.69
Collectibles,462.81,12,72,Morning,1117.91
Home & Garden,54.93,4,72,Night,76.3
Fashion,50.52,8,24,Morning,91.43
Jewelry,396.84,8,48,Afternoon,779.85
Fine Art,305.22,5,12,Morning,596.56
Collectibles,197.44,13,12,Evening,547.49
Home & Garden,284.92,11,48,Afternoon,569.0
Electronics,417.84,8,24,Night,842.53
Electronics,266.41,6,72,Afternoon,458.03
Fashion,387.81,6,24,Evening,673.86
Fashion,362.87,6,12,Evening,649.34
Electronics,123.33,11,24,Evening,285.61
Jewelry,761.44,12,72,Evening,1800.15
Electronics,598.57,12,48,Afternoon,1424.79
Jewelry,973.41,6,48,Morning,1661.06
Jewelry,989.56,12,72,Evening,2350.88
Collectibles,489.84,13,12,Morning,1309.4
Fine Art,1369.34,5,48,Evening,2508.16
Fashion,157.84,8,24,Morning,301.28
Electronics,533.48,10,12,Afternoon,1164.82
Fine Art,482.81,17,48,Evening,1522.96
Jewelry,939.58,10,120,Evening,2065.83
Collectibles,43.49,7,168,Afternoon,71.7
Jewelry,1078.06,5,120,Afternoon,1700.65
Electronics,174.12,15,12,Evening,484.18
Electronics,236.56,13,24,Evening,606.3
Fine Art,1171.4,13,24,Morning,3207.03
Electronics,82.13,3,48,Morning,122.52
Electronics,583.07,10,48,Evening,1143.56
Home & Garden,72.77,7,48,Evening,128.68
Electronics,610.38,8,120,Afternoon,1105.22
Collectibles,51.55,9,12,Afternoon,117.06
Home & Garden,193.51,4,24,Morning,293.79
Home & Garden,262.3,7,24,Morning,450.72
Home & Garden,213.94,10,12,Evening,439.63
Collectibles,337.9,6,72,Morning,627.81
Collectibles,258.78,6,120,Morning,439.84
Fashion,370.54,16,120,Evening,898.22
Collectibles,395.43,7,24,Night,789.58
Electronics,194.49,10,120,Evening,385.98
Fine Art,945.39,14,12,Afternoon,2822.64
Home & Garden,338.09,9,12,Evening,651.07
Electronics,256.67,5,24,Evening,433.46
Fashion,368.83,9,24,Evening,736.0
Fine Art,735.47,8,24,Night,1534.04
Electronics,478.92,4,12,Night,770.3
Jewelry,753.69,8,120,Night,1424.26
Collectibles,528.74,9,120,Night,994.41
Electronics,203.09,7,120,Afternoon,342.78
Fine Art,260.91,8,24,Morning,528.95
Electronics,874.67,14,12,Evening,2357.45
Collectibles,365.79,16,12,Afternoon,1112.26
Fine Art,1145.48,11,48,Afternoon,2774.25
Home & Garden,174.45,13,24,Afternoon,415.4
Electronics,408.5,4,24,Night,654.86
Electronics,644.89,4,72,Night,950.69
Electronics,357.06,7,24,Afternoon,657.74
Collectibles,290.75,14,48,Afternoon,797.42
Electronics,766.42,9,48,Evening,1508.9
Electronics,576.37,12,12,Evening,1446.62
Collectibles,96.65,6,48,Night,173.86
Jewelry,1029.16,11,72,Evening,2420.28
Fashion,263.85,10,48,Evening,556.33
Electronics,725.27,7,168,Evening,1239.63
Jewelry,400.16,7,48,Night,743.27
Home & Garden,36.26,10,12,Afternoon,75.03
Home & Garden,86.73,7,48,Morning,145.74
Fashion,203.02,9,48,Evening,389.33
Home & Garden,154.07,5,120,Morning,221.76
Fine Art,218.86,7,12,Morning,433.18
Fine Art,977.6,11,48,Evening,2446.25
Jewelry,231.0,8,48,Afternoon,463.21
Electronics,759.92,3,120,Evening,1052.89
Collectibles,173.31,7,120,Afternoon,320.35
Home & Garden,253.49,12,48,Evening,566.49
Fine Art,226.11,6,24,Night,439.35
Jewelry,512.61,7,120,Night,872.06
Electronics,303.01,11,48,Evening,664.36
Electronics,322.59,12,168,Afternoon,704.41
Collectibles,53.81,6,120,Night,87.62
Electronics,67.31,3,168,Morning,90.65
Home & Garden,229.19,5,24,Evening,368.44
Electronics,770.85,4,12,Morning,1279.74
Fashion,160.64,12,24,Evening,372.06
Jewelry,906.19,8,12,Morning,1810.8
Home & Garden,186.91,8,24,Afternoon,348.34
Electronics,633.11,10,72,Afternoon,1330.83
Home & Garden,67.11,9,72,Afternoon,120.74
Electronics,624.46,14,48,Afternoon,1518.62
Fashion,304.83,16,168,Evening,780.57
Collectibles,514.55,9,24,Night,1125.91
Jewelry,885.79,9,168,Afternoon,1698.03
Fashion,92.64,10,24,Morning,190.45
Fine Art,257.39,7,24,Afternoon,536.68
Jewelry,545.63,3,24,Evening,863.18
Electronics,548.74,9,72,Night,1052.78
Home & Garden,178.72,10,12,Afternoon,390.89
Home & Garden,319.02,12,12,Evening,725.67
Collectibles,372.17,9,24,Evening,831.81
Electronics,245.0,7,48,Morning,433.99
Collectibles,93.17,6,168,Evening,156.41
Collectibles,319.1,3,72,Evening,468.92
Fine Art,1239.34,7,24,Night,2435.65
Jewelry,108.02,9,24,Afternoon,222.13
Fine Art,1130.2,7,48,Night,2161.92
Fine Art,370.62,8,48,Morning,751.68
Electronics,754.19,7,24,Afternoon,1430.29
Collectibles,67.7,12,72,Afternoon,164.32
Electronics,862.47,5,72,Evening,1466.27
Electronics,885.44,13,48,Afternoon,2105.4
Fine Art,917.13,8,24,Evening,2044.04
Electronics,651.33,11,24,Afternoon,1423.81
Fashion,160.29,11,24,Afternoon,343.8
Fashion,116.0,9,48,Afternoon,220.1
Jewelry,213.49,10,12,Afternoon,483.61
Electronics,387.96,3,120,Morning,512.32
Electronics,394.62,7,120,Morning,709.4
Electronics,366.13,7,24,Morning,681.36
Fine Art,507.94,9,24,Evening,1196.01
Electronics,152.11,8,24,Afternoon,290.76
Collectibles,174.32,8,24,Evening,365.33
Fine Art,1242.85,8,168,Afternoon,2246.24
Electronics,332.4,9,12,Morning,705.4
Electronics,232.69,5,72,Morning,362.5
Fashion,248.1,9,72,Afternoon,465.32
Collectibles,272.1,7,24,Evening,587.09
Fashion,95.22,11,24,Night,204.4
Jewelry,638.96,8,12,Morning,1344.26
Electronics,764.04,8,24,Morning,1488.52
Electronics,651.89,11,72,Evening,1397.49
Fine Art,1041.1,9,48,Evening,2399.01
Electronics,63.73,12,72,Afternoon,140.95
Collectibles,296.76,6,12,Night,554.12
Jewelry,467.28,8,24,Evening,981.28
Electronics,192.28,16,24,Afternoon,546.15
Home & Garden,71.05,8,24,Morning,128.3
Electronics,463.45,12,120,Evening,1049.03
Electronics,248.22,5,24,Afternoon,427.05
Fine Art,581.84,10,24,Evening,1441.31
Electronics,424.88,6,24,Morning,720.6
Electronics,180.9,6,24,Morning,309.88
Home & Garden,41.77,7,120,Morning,65.84
Collectibles,269.19,8,24,Evening,594.42
Home & Garden,30.37,13,24,Afternoon,69.28
Electronics,337.89,9,24,Evening,763.31
Jewelry,846.13,9,24,Morning,1843.82
Electronics,176.44,15,12,Evening,490.78
Electronics,645.7,7,48,Evening,1216.36
Fashion,384.17,12,24,Afternoon,867.38
Jewelry,1050.73,8,72,Afternoon,2017.49
Electronics,550.71,8,12,Morning,1130.38
Fashion,320.3,13,48,Afternoon,737.95
Fine Art,187.61,8,24,Evening,418.14
Collectibles,156.29,7,72,Afternoon,281.67
Jewelry,805.86,14,24,Evening,2267.53
Collectibles,506.43,8,12,Evening,1098.09
Fashion,142.59,11,12,Evening,314.55
Electronics,856.99,16,24,Evening,2381.76
Electronics,655.24,6,120,Afternoon,1095.25
Home & Garden,64.27,5,48,Afternoon,95.16
Collectibles,296.01,8,12,Evening,643.23
Fine Art,1015.58,10,48,Afternoon,2347.69
Electronics,692.01,10,48,Afternoon,1397.87
Fine Art,1166.27,6,24,Morning,2194.79
Electronics,116.37,10,120,Afternoon,225.46
Collectibles,249.41,8,48,Afternoon,510.47
Jewelry,703.33,8,48,Evening,1417.36
Electronics,656.81,9,12,Evening,1390.44
Fine Art,765.71,6,72,Morning,1393.49
Collectibles,485.61,10,48,Evening,1097.05
Collectibles,265.94,21,48,Afternoon,923.82
Fine Art,1241.86,13,24,Afternoon,3374.15
Electronics,854.72,9,48,Evening,1767.76
Jewelry,111.3,7,48,Afternoon,217.13
Home & Garden,325.72,10,48,Evening,679.51
Jewelry,308.02,5,48,Evening,523.43
Jewelry,412.5,7,72,Evening,746.84
Collectibles,443.71,9,120,Morning,841.97
Electronics,195.1,9,12,Afternoon,414.38
Collectibles,59.5,5,12,Morning,116.04
Jewelry,1065.5,8,48,Night,2063.37
Collectibles,356.3,6,48,Evening,670.86
Electronics,865.61,9,12,Afternoon,1854.61
Collectibles,201.13,9,48,Evening,435.45
Fine Art,754.34,12,48,Afternoon,1893.92
Electronics,573.99,5,48,Night,910.93
Jewelry,659.84,8,48,Afternoon,1327.04
Collectibles,75.51,12,24,Afternoon,185.46
Fashion,352.96,7,24,Morning,616.41
Jewelry,93.2,11,24,Afternoon,214.52
Collectibles,570.37,17,12,Evening,1870.6
Electronics,497.33,4,72,Night,723.98
Electronics,446.36,8,24,Afternoon,932.44
Jewelry,1092.34,14,24,Evening,2998.78
Fashion,76.9,11,48,Evening,169.81
Electronics,286.25,6,120,Evening,459.22
Collectibles,563.25,9,24,Night,1138.0
Fashion,307.04,7,24,Evening,568.98
Electronics,868.52,11,48,Afternoon,1817.53
Electronics,512.89,4,48,Morning,795.07
Electronics,230.54,4,48,Night,334.79
Home & Garden,211.26,7,168,Evening,342.88
Fine Art,383.04,9,120,Afternoon,774.77
Fine Art,1298.9,10,24,Afternoon,3208.06
Jewelry,1066.8,4,72,Morning,1619.88
Fashion,131.49,10,48,Evening,270.8
Collectibles,468.1,9,168,Afternoon,919.81
Home & Garden,70.25,3,24,Evening,104.32
Jewelry,869.62,4,72,Evening,1377.43
Electronics,147.28,9,48,Afternoon,285.23
Fine Art,581.26,9,120,Afternoon,1235.04
Collectibles,453.25,8,12,Evening,1023.46
Home & Garden,30.04,11,24,Afternoon,63.47
Fine Art,1229.51,10,24,Evening,3086.69
Electronics,769.58,7,48,Evening,1363.32
Jewelry,1086.59,7,72,Morning,1939.74
Collectibles,256.54,8,168,Morning,460.7
Collectibles,176.43,6,48,Evening,318.53
Electronics,527.57,3,72,Evening,778.44
Home & Garden,268.8,8,48,Afternoon,484.15
Collectibles,176.58,5,24,Evening,324.33
Electronics,275.21,10,48,Afternoon,583.38
Collectibles,445.88,7,120,Evening,820.06
Jewelry,442.7,7,72,Evening,788.32
Collectibles,585.34,13,48,Afternoon,1537.21
Electronics,383.8,13,48,Afternoon,908.87
Fashion,338.76,11,24,Evening,753.52
Fine Art,521.87,13,48,Evening,1426.79
Collectibles,147.19,12,48,Evening,360.33
Fine Art,1113.1,12,12,Morning,2976.6
Electronics,511.94,7,168,Afternoon,869.2
Fashion,232.46,8,72,Morning,424.85
Jewelry,492.42,11,24,Evening,1175.91
Fine Art,647.35,9,48,Afternoon,1421.14
Fashion,163.6,10,24,Morning,325.62
Jewelry,593.37,9,72,Evening,1278.93
Home & Garden,178.55,19,24,Morning,516.65
Jewelry,681.89,4,48,Evening,1077.69
Home & Garden,251.21,4,168,Afternoon,328.99
Home & Garden,154.97,14,48,Afternoon,347.08
Fine Art,918.78,11,12,Evening,2638.91
Electronics,120.36,9,168,Evening,232.58
Jewelry,775.69,7,12,Afternoon,1545.45
Collectibles,429.9,10,48,Evening,978.78
Collectibles,387.51,12,48,Evening,998.98
Home & Garden,30.57,11,24,Afternoon,64.58
Jewelry,758.91,7,12,Night,1489.02
Electronics,220.4,11,48,Night,463.77
Collectibles,238.74,9,72,Afternoon,482.21
Home & Garden,169.93,3,72,Morning,256.23
Collectibles,120.92,8,24,Morning,258.07
Fashion,72.81,7,24,Evening,137.42
Electronics,529.03,12,72,Afternoon,1230.31
Collectibles,92.68,3,48,Evening,137.21
Fashion,148.64,2,168,Evening,185.68
Electronics,658.41,13,168,Morning,1478.72
Electronics,117.53,6,24,Afternoon,212.91
Collectibles,285.37,13,24,Afternoon,777.93
Fine Art,1293.77,7,120,Afternoon,2323.66
